公司代號,公司簡稱,產業別,住址,發言人,實收資本額,已發行普通股數,Latitude,Longitude
1101,台泥,1,台北市中山北路2段113號,葉毓君,"$77,511,817,420","7,551,181,742",25.0606604,121.5232826
1102,亞泥,1,台北市大安區敦化南路2段207號30、31樓,王照宇,"$35,465,628,810","3,546,562,881",25.0321236,121.5485598
1103,嘉泥,1,台北市中山北路二段96號,金哲毅,"$7,902,474,590","790,247,459",25.0594999,121.5225228
1104,環泥,1,台北市南京東路二段125號10樓,楊宗仁,"$6,866,818,160","686,681,816",25.0523219,121.534423
1108,幸福,1,台北市松江路237號15樓,溫秀菊,"$4,047,380,490","404,738,049",25.059029,121.5334728
1109,信大,1,台北市寶慶路37號7樓,張清壽,"$3,411,588,680","341,158,868",25.0416772,121.5102595
1110,東泥,1,高雄市前金區五福三路21號4樓之1,黃薪翰,"$5,720,007,970","572,000,797",22.6223123,120.2996953
1201,味全,2,台北市松江路125號,李文學,"$5,060,629,140","506,062,914",25.0531691,121.5334641
1203,味王,2,台北市中山北路二段79號5樓,魏璟雄,"$2,400,000,000","240,000,000",25.058161,121.523211
1210,大成,2,台南市永康區蔦松二街三號,夏銜譽,"$8,947,672,220","894,767,222",23.0413445,120.2540052
1213,大飲,2,桃園市平鎮區南勢里2鄰南東路410號,蘇芸樂,"$566,226,270","56,622,627",24.9178473,121.2214047
1215,卜蜂,2,台北市松江路八十七號十七樓,劉明哲,"$2,947,900,980","294,790,098",25.0597085,121.5334671
1216,統一,2,台南市永康區中正路301號,陳國煇,"$56,820,154,210","5,682,015,421",23.0343175,120.2447232
1217,愛之味,2,嘉義縣民雄鄉工業二路11號,陳冠翰,"$4,945,133,360","494,513,336",23.5217064,120.4318034
1218,泰山,2,彰化縣田中鎮興工路6號,李淑惠,"$4,999,990,380","499,999,038",23.8482281,120.5927671
1219,福壽,2,台中市沙鹿區沙田路45號,徐沛妤,"$3,412,383,640","341,238,364",24.2312467,120.5585574
1220,台榮,2,台北市中山區南京東路二段206號6樓,周忠平,"$1,770,779,440","177,077,944",25.0517899,121.5355974
1225,福懋油,2,台中市大肚區沙田路一段453號,秦慧如,"$2,422,683,060","242,268,306",24.1223426,120.5660356
1227,佳格,2,台北市內湖區瑞光路610號10樓,曹博睿,"$9,150,895,910","915,089,591",25.0803702,121.5656613
1229,聯華,2,臺北市南港區南港路一段209號10樓,林信宏,"$17,959,606,680","1,795,960,668",25.0546626,121.6114872
1231,聯華食,2,台北市迪化街一段148號,林志遠,"$2,984,544,750","298,454,475",25.057585,121.5096853
1232,大統益,2,台南市官田區二鎮里工業西路32號,陳昭良,"$1,599,749,150","159,974,915",23.2127212,120.320313
1233,天仁,2,台北市忠孝東路4段107號6樓,王華榮,"$905,919,480","90,591,948",25.0414095,121.5441208
1234,黑松,2,台北市信義路四段296號3樓,杜居燦,"$4,018,710,940","401,871,094",25.0329744,121.5545027
1235,興泰,2,高雄市仁武區高楠公路10號,王麗雯,"$1,885,778,360","188,577,836",22.6906774,120.3217459
1236,宏亞,2,新北市新店區北新路一段86號20樓之6,許士彬,"$866,740,080","86,674,008",24.9674673,121.5419041
1301,台塑,3,高雄市仁武區水管路100號,林勝冠,"$63,657,407,810","6,365,740,781",22.7052412,120.3357692
1303,南亞,3,台北市內湖區南京東路六段380號(A1)7樓,鄒明仁,"$79,308,215,890","7,930,821,589",25.0594595,121.5870819
1304,台聚,3,台北市內湖區基湖路37號12樓,吳銘宗,"$11,887,635,000","1,188,763,500",25.0793951,121.5648399
1305,華夏,3,台北市內湖區基湖路37號12樓,吳建興,"$5,810,504,940","581,050,494",25.0793951,121.5648399
1307,三芳,3,高雄市三民區通化街120號,李禮權,"$3,978,181,260","397,818,126",22.6444177,120.2933262
1308,亞聚,3,高雄市林園區工業一路3號,黃克名,"$5,937,439,190","593,743,919",22.5018694,120.4067973
1309,台達化,3,台北市內湖區基湖路37號12樓,黃俊豪,"$3,975,868,480","397,586,848",25.0793951,121.5648399
1310,台苯,3,台北市中正區羅斯福路一段六號八樓之一,呂政欣,"$5,278,697,640","527,869,764",25.0323495,121.5186171
1312,國喬,3,臺北市敦化北路135號8樓,沈美佑,"$11,266,203,280","1,106,620,328",25.0529003,121.5492572
1313,聯成,3,台北市南港區南港路一段209號A棟9樓,張嘉麟,"$13,308,461,070","1,330,846,107",25.0546626,121.6114872
1314,中石化,3,高雄市大社區經建路1號,陳穎俊,"$37,848,501,300","3,784,850,130",22.7258423,120.3403699
1315,達新,3,台中市西屯區工業區35路51號,賴耿民,"$990,990,000","99,099,000",24.1678065,120.5915727
1316,上曜,14,台南市安平區永華路二段248號20樓之6,郭育政,"$3,685,311,860","368,531,186",22.9902125,120.180173
1319,東陽,12,台南市安和路二段98號,許芳華,"$5,914,770,680","591,477,068",23.038645,120.214882
1321,大洋,3,"台北市莒光路310號5,6樓",邱俊福,"$2,272,282,680","227,228,268",25.031284,121.4978995
1323,永裕,3,台南市仁德區勝利路88號,郭錦添,"$912,745,540","91,274,554",22.9575239,120.2577413
1324,地球,3,台北市中山區南京東路3段61號7樓,張雅琪,"$751,218,820","75,121,882",25.0523713,121.5281453
1325,恆大,3,台北市林森北路372號10樓,周壽祿,"$852,811,980","85,281,198",25.0577976,121.5253859
1326,台化,3,彰化市中山路3段359號,呂文進,"$58,611,862,910","5,861,186,291",24.0869826,120.5629059
1337,再生-KY,3,高雄市苓雅區四維四路190號12樓之2,王維民,"$2,689,547,290","268,954,729",22.6144366,120.2949706
1338,廣華-KY,12,廣東省東莞市厚街鎮橋頭第三工業區,邱守瑞,"$838,400,000","83,840,000",22.910058,113.662593
1339,昭輝,12,彰化縣鹿港鎮興業路8號,劉淑梅,"$741,238,750","74,123,875",24.0674841,120.3993589
1340,勝悅-KY,3,中國福建省晉江市青陽蓮嶼工業區,陳圖炎,"$1,529,228,550","152,922,855",24.817325,118.572179
1341,富林-KY,3,越南海防市陽京郡海城坊范文同路第9里程,許乃仁,"$528,506,340","52,850,634",20.7862238,106.7264125
1342,八貫,20,宜蘭縣冬山鄉德興四路6號,李宏毅,"$780,009,020","78,000,902",24.628638,121.821706
1402,遠東新,4,台北市大安區敦化南路二段207號36樓,鄭澄宇,"$53,528,752,270","5,352,875,227",25.0260072,121.5493964
1409,新纖,4,台北市大安區仁愛路三段136號5樓,許毓麟,"$16,184,092,860","1,618,409,286",25.0374747,121.5412729
1410,南染,4,桃園市蘆竹區南山路三段二三三號,張愛玉,"$620,000,000","62,000,000",25.0850029,121.2860465
1413,宏洲,4,台北市內湖區瑞光路607號7樓,張恆嘉,"$1,321,124,540","132,112,454",25.0802589,121.5668139
1414,東和,4,台北市仁愛路四段376號13樓,張嘉亨,"$1,980,000,000","198,000,000",25.0373449,121.5558369
1416,廣豐,20,台北市大安區敦化南路2段97號28樓,陳素靜,"$1,853,421,680","185,342,168",25.0288504,121.5494477
1417,嘉裕,4,臺北市仁愛路四段25號7樓(通訊地址),陳盈璋,"$1,899,418,400","189,941,840",25.0384993,121.5450116
1418,東華,4,台北市新生南路1段56號9樓,葉燕玲,"$568,343,090","56,834,309",25.0411374,121.5325687
1419,新紡,4,台北市中山區中山北路二段44號15樓,張淑娣,"$3,000,412,800","300,041,280",25.0551969,121.5223734
1423,利華,4,台北市忠孝東路四段310號12樓,洪志成,"$996,480,000","99,648,000",25.0411011,121.5569496
1432,大魯閣,37,台中市東區復興路4段186號,許俊麒,"$1,080,000,000","108,000,000",24.1359323,120.6880223
1434,福懋,4,雲林縣斗六市榴中里石榴路317號,李敏章,"$16,846,646,370","1,684,664,637",23.727302,120.588016
1435,中福,20,新北市中和區景平路666號2樓,陳建,"$1,397,800,800","139,780,080",25.0007965,121.4975929
1436,華友聯,14,高雄市鳳山區文龍路85號11樓,吳家德,"$1,941,517,950","194,151,795",22.6437074,120.3473033
1437,勤益控,20,台北市大安區忠孝東路4段320號9樓,馮于珍,"$2,033,712,840","203,371,284",25.0419925,121.5335165
1438,三地開發,14,高雄市苓雅區中正二路175號16樓之3,鍾育霖,"$1,112,057,590","111,205,759",22.6302499,120.3135756
1439,雋揚,14,臺北市南港區經貿一路170號11樓,葉品卉,"$920,000,000","92,000,000",25.0578213,121.6182218
1440,南紡,4,臺南市東區裕農路511號,蘇冠銘,"$16,568,158,570","1,656,815,857",22.9891282,120.2330582
1441,大東,4,台北市松山區南京東路三段346號3樓,陳建州,"$717,443,870","71,744,387",25.0515484,121.5481583
1442,名軒,14,新北市新莊區中華路三段218號8樓,吳勝利,"$3,662,113,580","366,211,358",25.0592825,121.4521331
1443,立益物流,20,台北市大同區西寧北路70號6樓,蘇東榮,"$1,353,430,110","135,343,011",25.0538014,121.508634
1444,力麗,4,104台北市松江路162號11樓,陳漢卿,"$9,955,950,590","995,595,059",25.0553858,121.5327978
1445,大宇,4,台北市西寧北路62-5號7樓,楊任凱,"$1,306,660,340","130,666,034",25.0530675,121.5085315
1446,宏和,4,台南市永康區中山南路473號,張滄祐,"$1,377,095,130","137,709,513",23.0218621,120.2486898
1447,力鵬,4,104台北市松江路162號6樓,陳漢卿,"$9,100,712,420","910,071,242",25.0553858,121.5327978
1449,佳和,4,台南市新市區三舍里復興路533號,翁瑋駿,"$1,271,145,720","127,114,572",23.099714,120.2924089
1451,年興,4,台北市內湖區內湖路一段306號13樓,蔡樹軒,"$1,980,000,000","198,000,000",25.0815067,121.5692058
1452,宏益,4,台北市塔城街66號6樓,王慶榮,"$1,326,414,000","132,641,400",25.0530383,121.510138
1453,大將,14,台北市大安區敦化南路二段71號6樓,葉義雄,"$1,132,430,480","113,243,048",25.0306648,121.5492871
1454,台富,4,台北市西寧北路70-1號8樓,華淑玲,"$1,298,338,480","129,833,848",25.0538453,121.5086542
1455,集盛,4,台北市西寧北路七十號二樓,蘇百煌,"$5,316,883,800","531,688,380",25.052261,121.5085408
1456,怡華,14,台北市內湖區內湖路一段392號12樓之1,李世豪,"$937,200,000","93,720,000",25.0804986,121.5733166
1457,宜進,4,台北市內湖區瑞光路607號7樓,張恆嘉,"$3,167,300,220","316,730,022",25.0802589,121.5668139
1459,聯發,4,台北市環河北路1段73號5樓之5,王豐岳,"$3,586,289,070","358,628,907",25.0779224,121.5086512
1460,宏遠,4,台南市山上區明和里256號,李憲忠,"$6,946,434,840","694,643,484",23.1147826,120.3406679
1463,強盛新,4,桃園市大園區大工路一二六號,鄭以民,"$1,732,683,810","173,268,381",25.0715343,121.1777449
1464,得力,4,台南市新市區三舍里005鄰復興路820號,游逸能,"$4,255,757,330","425,575,733",23.1059769,120.2947537
1465,偉全,4,台北市西寧北路62-5號6樓,曾昭勳,"$1,036,072,670","103,607,267",25.0530876,121.5083093
1466,聚隆,4,彰化縣埔鹽鄉永樂村番金路94號,賴明毅,"$1,111,573,200","111,157,320",23.9957762,120.4273797
1467,南緯,4,台北市中山區林森北路426號2樓,吳健中,"$2,336,246,670","233,624,667",25.0599301,121.5253775
1468,昶和,4,桃園市蘆竹區南崁路一段277號,葉佐偉,"$1,604,052,440","160,405,244",25.0539105,121.2836173
1470,大統新創,4,台北市塔城街64號4樓,洪憲忠,"$857,670,000","85,767,000",25.0529209,121.510202
1471,首利,28,新北市五股區五權七路18號3樓,邱志偉,"$1,504,145,360","150,414,536",25.0666176,121.4484418
1472,三洋實業,14,高雄市大社區嘉保路360號,徐正哲,"$524,880,820","52,488,082",22.7510635,120.3757514
1473,台南,4,台南市歸仁區中山路三段320號,吳建德,"$1,461,535,340","146,153,534",22.9685916,120.2804997
1474,弘裕,4,彰化縣伸港鄉全興工業區工西一路60號,徐為芳,"$1,298,969,690","129,896,969",24.1692,120.5082128
1475,業旺,4,台北市中正區北平東路36號8樓,陳清土,"$660,167,490","66,016,749",25.0454919,121.5268489
1476,儒鴻,4,新北市新莊區中央路738號,林芬如,"$2,743,671,110","274,367,111",25.056845,121.4447454
1477,聚陽,4,台北市忠孝東路四段550號8樓,林恆宇,"$2,466,937,130","246,693,713",25.0408513,121.5631108
1503,士電,5,台北市士林區中山北路六段88號16樓,郭約瑟,"$5,209,722,230","520,972,223",25.1049885,121.5250046
1504,東元,5,臺北市南港區三重路19-9號5樓,簡世雄,"$23,764,406,840","2,376,440,684",25.0586254,121.6134235
1506,正道,5,台南市仁德區大甲里中正西路1015號,羅仕溢,"$3,003,885,010","300,388,501",22.9223213,120.2002687
1512,瑞利,12,高雄市仁武區高楠公路廿二號,林維輝,"$981,834,980","98,183,498",22.7041395,120.3238554
1513,中興電,5,新北市中和區中正路801號3樓,郭慧娟,"$5,031,125,150","503,112,515",25.0010828,121.4846407
1514,亞力,5,台北市南港區三重路19-11號12樓,鄧春生,"$2,731,084,730","273,108,473",25.0584696,121.6137981
1515,力山,5,台中市大里區仁化路261號,莊政勳,"$1,814,735,000","181,473,500",24.0941497,120.7140391
1516,川飛,20,台北市信義區光復南路495號6樓之5,陳郁嵐,"$400,081,950","40,008,195",25.032316,121.5582738
1517,利奇,5,彰化縣彰化市石牌里石牌路一段112號,李育政,"$2,200,000,070","220,000,007",24.0572119,120.6149564
1519,華城,5,桃園市中壢區吉林路10號,許逸德,"$3,158,808,440","315,880,844",24.978987,121.2407367
1521,大億,12,台南市南區新信路11號,鄭清香,"$762,300,000","76,230,000",22.972845,120.1797085
1522,堤維西,12,台南市新樂路72之2號,翁一峰,"$3,428,978,810","312,897,881",22.9696387,120.1742663
1524,耿鼎,12,338桃園市蘆竹區內溪路48號,李庭祥,"$1,653,103,970","165,310,397",25.069359,121.2815332
1525,江申,12,桃園市楊梅區新江路100號,陳一宇,"$734,001,350","73,400,135",24.8964297,121.1414826
1526,日馳,5,桃園市蘆竹區海山中街51號,徐予霖,"$600,000,000","60,000,000",25.106888,121.2601136
1527,鑽全,5,台中市工業區36路24號,陳盈助先生,"$1,385,706,400","138,570,640",24.172252,120.590828
1528,恩德,5,臺北市士林區中山北路五段478號6樓,李明哲,"$1,913,310,000","191,331,000",25.0926166,121.5289787
1529,樂事綠能,5,台南市北區成功路114號7樓之1,陳介仁,"$1,550,950,740","155,095,074",22.9987726,120.2054287
1530,亞崴,5,新竹縣新埔鎮文山里關埔路水車頭段629號,范國軒,"$945,941,710","94,594,171",24.8214699,121.0653001
1531,高林股,5,台北市松山區105敦化北路167號8樓,鍾文藝,"$1,821,080,800","182,108,080",25.0548305,121.5494305
1532,勤美,5,台北市106大安區仁愛路四段八十五號四樓,陳鴻毅,"$4,226,042,710","422,604,271",25.0378784,121.5511636
1533,車王電,12,台中市大雅區中清路4段85號,蔡珠蘭,"$985,474,860","98,547,486",24.2269256,120.643328
1535,中宇,5,高雄市前鎮區成功二路88號8樓,莊雅閔,"$1,237,425,520","123,742,552",22.6048458,120.3016327
1536,和大,12,台中市大里區仁化路115號,陳俊智,"$2,789,595,130","278,959,513",24.0923112,120.7216143
1537,廣隆,5,南投市自立三路6號,劉晃瑋,"$820,627,940","82,062,794",23.9305175,120.6636062
1538,正峰,5,320 桃園市中壢區中正路二段433巷33號,葉璨增,"$323,000,000","32,300,000",24.9802381,121.1898909
1539,巨庭,5,台中市太平區永豐路78號,陳志濱,"$653,700,000","65,370,000",24.1227361,120.7107593
1540,喬福,5,台中市神岡區中山路1056號,陳文助,"$854,736,120","85,473,612",24.2546528,120.6729006
1541,錩泰,5,台中市后里區南村路41號,賈雨翰,"$788,000,000","78,800,000",24.2950813,120.7224476
1558,伸興,5,台中市太平區永成路78號,莊子禾,"$665,356,310","66,535,631",24.1159137,120.7094686
1560,中砂,5,新北市鶯歌區中山路64號,李偉彰,"$1,469,410,800","146,941,080",24.957209,121.3514834
1563,巧新,12,640雲林縣斗六市雲科路三段八十號,王惠斐,"$2,307,821,400","230,782,140",23.7242317,120.511935
1568,倉佑,12,62154嘉義縣民雄鄉福樂村中山路18號,蔡玫芳,"$1,030,865,590","103,086,559",23.5249666,120.4503116
1582,信錦,28,新北市中和區建康路168號9樓,黃逸群,"$1,442,686,040","144,268,604",25.0000543,121.4908254
1583,程泰,5,台中市西屯區協和里工業區五路十三號,林廷霜,"$1,094,003,720","109,400,372",24.1675271,120.6079922
1587,吉茂,12,(52861)彰化縣芳苑鄉後寮村工區路28號,許乃龍,"$800,556,720","80,055,672",23.9146741,120.3474743
1589,永冠-KY,5,台北市內湖區新湖一路93號4樓,蔡樹根,"$1,531,359,410","153,135,941",25.0585845,121.5761717
1590,亞德客-KY,5,台北市中山區民生東路三段10號9樓,曹永祥,"$1,999,999,980","199,999,998",25.0575355,121.5386075
1597,直得,5,74145 台南市新市區大利一路3號,李柏蒼,"$892,618,040","89,261,804",23.1074929,120.2795453
1598,岱宇,37,(104)台北市中山區松江路111號12樓,邱源聲,"$1,791,420,920","179,142,092",25.0514231,121.5333903
1603,華電,6,台北市中山區中山北路三段58號4樓,蔡旭卿,"$1,916,880,000","191,688,000",25.0653176,121.5225623
1604,聲寶,6,桃園市龜山區大華里頂湖26-3號,簡淑慧,"$3,842,000,000","384,200,000",25.044619,121.356261
1605,華新,6,台北市信義區松智路1號25樓,文德誠,"$44,313,329,480","4,431,332,948",25.0385803,121.5655231
1608,華榮,6,高雄巿前金區中正四路170號,黃華志,"$6,327,735,060","632,773,506",22.6293089,120.2949175
1609,大亞,6,台南市關廟區中山路二段249號,陳重光,"$7,852,619,440","785,261,944",22.9613781,120.3170728
1611,中電,6,台北市行善路124號2樓,黃至賢,"$3,227,357,420","322,735,742",25.058114,121.577272
1612,宏泰,6,桃園市328觀音區樹林里國建一路2號,潘少屏,"$3,160,800,630","316,080,063",25.0535045,121.1159695
1614,三洋電,6,台北市中山區松江路266號10F,林張惠,"$2,691,134,060","269,113,406",25.0593749,121.532887
1615,大山,6,雲林縣斗六市雲林路三段369號,張國忠,"$1,966,637,020","196,663,702",23.6934212,120.5131787
1616,億泰,6,台北市中正區仁愛路二段九十一巷一號一樓,王銀河,"$1,941,485,150","194,148,515",25.0381398,121.5286089
1617,榮星,6,台南市仁德區中正路三段231號,薛添得,"$1,695,147,000","169,514,700",22.9783508,120.2547842
1618,合機,6,台北市中山區復興南路一段36之9號3樓,周亭儀,"$1,926,917,470","192,691,747",25.045904,121.54365
1623,大東電,6,桃園市楊梅區梅獅路二段349巷3號,蘇云睿,"$660,000,000","66,000,000",24.9041361,121.1824625
1626,艾美特-KY,6,台南市新忠路11號,莊亞菘,"$1,498,217,210","149,821,721",22.979114,120.182524
1702,南僑,2,台北市延平北路四段100號,李勘文,"$2,941,329,620","294,132,962",25.0707851,121.5103992
1707,葡萄王,22,桃園市平鎮區金陵路二段402號,洪俊銘,"$1,481,373,730","148,137,373",24.9340319,121.2252357
1708,東鹼,21,台北市敦化南路2段99號23樓,朱經雲,"$2,490,016,510","249,001,651",25.0292232,121.5491935
1709,和益,21,台北市萬華區柳州街80號7樓,黃俊哲,"$4,770,162,720","477,016,272",25.0372695,121.504968
1710,東聯,21,台北市復興北路101號13樓,俞瀛琁,"$8,857,030,290","885,703,029",25.0530529,121.544376
1711,永光,21,台北市敦化南路二段77號5~6樓,翁國彬,"$5,477,522,260","547,752,226",25.0301974,121.549264
1712,興農,21,臺中市大肚區南榮路101號1樓,余奎儒,"$4,204,925,850","420,492,585",24.1123385,120.5807282
1713,國化,21,台北市忠孝東路四段320號12樓,洪志成,"$1,509,517,000","150,951,700",25.0410959,121.5572282
1714,和桐,21,高雄市仁武區竹後里竹工二巷1號,林惠燕,"$9,918,248,080","991,824,808",22.7094881,120.3326935
1717,長興,21,高雄市三民區建工路578號,劉秉誠,"$11,722,454,830","1,172,245,483",22.6500737,120.3240349
1718,中纖,21,高雄市大社區經建路8號,吳宏揚,"$16,859,057,450","1,685,905,745",22.7247488,120.3361298
1720,生達,22,台南市新營區土庫里土庫6-20號,范滋庭,"$1,786,960,890","178,696,089",23.3220271,120.3508078
1721,三晃,21,台中市西區中興街229號5樓,洪廷宜,"$1,848,840,920","184,884,092",24.1519445,120.6628334
1722,台肥,21,台北市南港區經貿一路170號17樓,鍾俊銘,"$9,800,000,000","980,000,000",25.0578213,121.6182218
1723,中碳,21,高雄市前鎮區成功二路88號25樓,陳宜宏,"$2,369,044,800","236,904,480",22.6048458,120.3016327
1725,元禎,21,台北市民生東路四段五十四號三樓之三,張慶農,"$1,818,299,780","181,829,978",25.0580283,121.5521234
1726,永記,21,高雄市小港區沿海三路26、28號,張豐利,"$1,620,000,000","162,000,000",22.5291736,120.3700099
1727,中華化,21,桃園市觀音區樹林里工業五路15號,干凱恩,"$1,280,195,590","128,019,559",25.0568727,121.116033
1730,花仙子,21,台北市大同區承德路三段230號13樓,王佳郁,"$632,338,510","63,233,851",25.0723921,121.5184993
1731,美吾華,22,台北市復興北路167號5樓,賴育儒,"$1,329,152,440","132,915,244",25.053975,121.5443208
1732,毛寶,21,新竹縣湖口鄉實踐路19號,陳宣汝,"$424,439,570","42,443,957",24.866196,121.0165483
1733,五鼎,22,新竹科學園區新竹巿力行五路七號,吳純慧,"$999,501,920","99,950,192",24.7645947,121.020366
1734,杏輝,22,宜蘭縣冬山鄉中山村中山路八十四號,陳至孝,"$1,901,967,740","190,196,774",24.6278286,121.7383243
1735,日勝化,21,南投市南崗工業區工業南二路七號,吳寶華,"$993,880,000","99,388,000",23.9217096,120.6610635
1736,喬山,37,台中市大雅區東大路二段999號,羅雅芳,"$3,033,946,170","303,394,617",24.2338653,120.6133819
1737,臺鹽,2,台南市南區健康路一段297號,李杰翰,"$2,000,000,000","200,000,000",22.9811013,120.2038749
1752,南光,22,台南市新化區中山路1001號,王桂芬,"$1,009,884,720","100,988,472",23.0340074,120.2874615
1760,寶齡富錦,22,台北市南港區園區街3號16F(F棟),蔡重奇,"$857,390,130","85,739,013",25.0585576,121.6119074
1762,中化生,22,新北市樹林區東興街一號,陳應祈,"$769,180,000","76,918,000",24.9784027,121.4101455
1773,勝一,21,高雄市永安區永工一路5號,黃有慶,"$3,000,000,000","300,000,000",22.8120514,120.2532318
1776,展宇,21,新竹縣湖口鄉鳳凰村光復路71號,廖培宏,"$601,069,520","60,106,952",24.8628825,121.0195723
1783,和康生,22,桃園市龜山區科技一路88號,陳敬亭,"$896,801,150","89,680,115",25.0533691,121.375649
1786,科妍,22,(806011)高雄市前鎮區南一路1號,韓台賢,"$748,276,410","74,827,641",22.5984418,120.293283
1789,神隆,22,南部科學園區台南市善化區南科八路一號,遴選待補,"$7,907,392,220","790,739,222",23.115784,120.2784962
1795,美時,22,臺北市信義區松仁路277號17樓,沈燁,"$2,668,738,120","266,873,812",25.0243514,121.5697988
1802,台玻,8,台北市松山區南京東路三段261號台玻大樓11樓,林嘉明,"$29,080,608,000","2,908,060,800",25.0521395,121.5451444
1805,寶徠,14,台北市內湖區新湖一路303號4樓,黃文正,"$1,349,704,550","134,970,455",25.0625411,121.5832781
1806,冠軍,8,苗栗縣竹南鎮大埔里竹篙厝200-7號,廖蕙儀,"$3,904,038,700","390,403,870",24.7064891,120.8892227
1808,潤隆,14,台北市中山區樂群二路267號8樓,林暐鈞,"$8,930,317,430","893,031,743",25.0801895,121.5606345
1809,中釉,8,新竹縣竹東鎮中興路四段一三六號,張惠純,"$1,670,419,370","167,041,937",24.7771046,121.0387097
1810,和成,8,台北市內湖區行善路398號1樓,羅月英,"$3,023,037,190","302,303,719",25.063107,121.5845692
1817,凱撒衛,8,新北市三重區興德路111-8號7樓,李清榮,"$726,000,000","72,600,000",25.053278,121.4713558
1903,士紙,9,台北市士林區福德路31號,闕啟文,"$2,600,391,210","260,039,121",25.0917115,121.5242962
1904,正隆,9,板橋區民生路一段一號,何台桹,"$11,082,745,220","1,108,274,522",25.013255,121.4756689
1905,華紙,9,台北市重慶南路二段51號,陳瑞和,"$11,028,353,160","1,102,835,316",25.031305,121.5150091
1906,寶隆,9,雲林縣斗六市十三北路25號,徐維澤,"$1,510,000,000","151,000,000",23.7510575,120.5688297
1907,永豐餘,9,台北市重慶南路二段51號,駱秉正,"$16,603,714,950","1,660,371,495",25.031305,121.5150091
1909,榮成,9,彰化縣二林鎮廣興里廣興巷1-1號,王瑞榮,"$13,276,857,270","1,327,685,727",23.8747416,120.3597871
2002,中鋼,10,高雄市小港區中鋼路1號,鄭際昭,"$158,000,000,000","15,734,860,997",22.5547054,120.3492423
2006,東和鋼鐵,10,台北市長安東路一段九號六樓,陳俊良,"$7,302,138,180","730,213,818",25.0489386,121.5255248
2007,燁興,10,高雄市岡山區白米里寶米路369號,黃傳祥,"$5,306,516,130","530,651,613",22.7707618,120.2740247
2008,高興昌,10,高雄市中華一路318號,徐邦峰,"$1,908,522,930","190,852,293",22.6640139,120.2922522
2009,第一銅,10,高雄巿前金區中正四路170號4樓,洪茂陽,"$3,596,221,650","359,622,165",22.6293089,120.2949175
2010,春源,10,台北市復興北路502號7樓,洪士民,"$6,476,553,900","647,655,390",25.0655741,121.5441436
2012,春雨,10,高雄市岡山區大寶街100號(總部地址:高雄市岡山區新樂街169號),吳居諺,"$3,021,627,000","302,162,700",22.8093284,120.2924405
2013,中鋼構,10,高雄市燕巢區中興路500號,王永志,"$2,000,000,000","200,000,000",22.7810321,120.35989
2014,中鴻,10,825高雄市橋頭區芋寮路317號,黃紋萍,"$14,355,444,460","1,435,544,446",22.7635504,120.275104
2015,豐興,10,台中市后里區甲后路一段998號,成德懿,"$5,815,994,240","581,599,424",24.3110593,120.7098556
2017,官田鋼,10,台南市南區新建路47號4樓,陳重憲,"$4,468,746,910","446,874,691",22.9668542,120.1854673
2020,美亞,10,台北市中山區民權東路3段二之1號12樓,陳叔永,"$2,670,313,200","267,031,320",25.0624386,121.5408718
2022,聚亨,10,高雄市岡山區新樂街79-1號,王敏華,"$3,371,681,380","337,168,138",22.8050495,120.2943905
2023,燁輝,10,高雄市橋頭區芋寮路369號,田文中,"$18,912,402,140","1,891,240,214",22.7637846,120.2755313
2024,志聯,10,桃園市新屋區中興路480號,林信安,"$975,000,000","97,500,000",24.9632016,121.0954844
2025,千興,10,台南市麻豆區工業路222號,魏福全,"$1,726,605,360","172,660,536",23.1872236,120.230891
2027,大成鋼,10,台南市仁德區新田二街125號,林炳文,"$25,842,606,150","2,584,260,615",22.9597846,120.2661425
2028,威致,10,台南市官田區南部里南部123號,郭素惠,"$3,257,148,000","325,714,800",23.214193,120.30491
2029,盛餘,10,高雄市小港區中林路11號,洪世強,"$3,211,800,000","321,180,000",22.5367614,120.3665483
2030,彰源,10,雲林縣斗六市工業區工業路122號,張鑫達,"$2,805,260,270","280,526,027",23.7225661,120.598005
2031,新光鋼,10,新北市三重區重新路4段97號25樓,劉百慧,"$3,211,463,410","321,146,341",25.054837,121.4857565
2032,新鋼,10,新北市新莊區大安路8號,成主賜,"$1,305,215,450","130,521,545",25.0013309,121.4261191
2033,佳大,10,台南市永康區永運五路2號,王秋月,"$806,945,360","80,694,536",23.043619,120.2474032
2034,允強,10,彰化縣溪州鄉舊眉村中山路四段二七０號,李兆青,"$5,235,528,540","523,552,854",23.8614677,120.5065552
2038,海光,10,高雄市小港區沿海二路12號,楊建璋,"$1,941,343,030","194,134,303",22.5504733,120.365709
2049,上銀,5,台中市南屯區文山里精科路7號,廖克皇,"$3,537,922,400","353,792,240",24.1452795,120.601774
2059,川湖,28,高雄市路竹區順安路275巷136號,王俊強,"$952,970,720","95,297,072",22.8371448,120.2431418
2062,橋椿,38,中部科學園區臺中市大雅區科雅路11號,吳永富,"$1,999,941,520","199,994,152",24.2180265,120.62163
2069,運錩,10,高雄市前金區中正四路235號13樓之1,朱培誠,"$1,663,868,360","166,386,836",22.6277427,120.2925514
2101,南港,11,台北市大安區仁愛路三段136號6樓608室,郭美航,"$7,339,349,040","733,934,904",25.0374263,121.5415053
2102,泰豐,11,桃園市觀音區環西路369號,呂新義,"$4,733,292,070","473,329,207",25.0302859,121.0589975
2103,台橡,11,高雄市大社區興工路2號,王文淵,"$8,257,099,780","825,709,978",22.7241265,120.3402913
2104,國際中橡,11,台北市中山北路二段113號8樓,李超儒,"$9,847,336,250","984,733,625",25.0606604,121.5232826
2105,正新,11,彰化縣大村鄉黃厝村美港路215號,羅永勵,"$32,414,155,360","3,241,415,536",23.9827004,120.5750869
2106,建大,11,彰化縣員林市中山路一段一四六號,劉桂君,"$9,548,900,000","954,890,000",23.9509354,120.5660305
2107,厚生,11,臺北市漢口街一段82號8樓,黃慧女闌,"$3,035,934,000","303,593,400",25.04508,121.512207
2108,南帝,11,高雄市林園區工業一路九號,黃勝仲,"$4,924,166,590","492,416,659",22.5059978,120.4056536
2109,華豐,11,彰化縣大村鄉村上村中山路二段300號,吳品儀,"$2,793,491,340","279,349,134",23.9915769,120.5634182
2114,鑫永銓,11,南投市南崗工業區南崗三路294號,胡美惠,"$779,917,070","77,991,707",23.9414237,120.6644672
2115,六暉-KY,12,"The Grand Pavilion Commercial Centre, Oleander Way, 802 West",吳科里,"$1,043,731,630","104,373,163",,
2201,裕隆,12,苗栗縣三義鄉西湖村伯公坑39號之1,卓哲宇,"$10,700,012,510","1,070,001,251",24.3828912,120.7493296
2204,中華,12,台北市敦化南路二段二號十一樓,錢經武,"$5,536,203,420","553,620,342",25.024169,121.5483413
2206,三陽工業,12,新竹縣湖口鄉鳳山村中華路3號,田人豪,"$7,836,756,040","783,675,604",24.8643146,121.0041019
2207,和泰車,12,台北市中山區松江路121號8~14樓,翁銘倫,"$5,571,027,680","557,102,768",25.052781,121.5333151
2208,台船,15,高雄市小港區中鋼路3號,周志明,"$12,745,394,490","1,274,539,449",22.55252,120.3456749
2211,長榮鋼,10,台北市中山區長安東路2段100號11樓,劉邦恩,"$4,170,914,630","417,091,463",25.049564,121.521914
2227,裕日車,12,苗栗縣三義鄉西湖村伯公坑三十九號之二,梁肇彥,"$3,000,000,000","300,000,000",24.3651558,120.741398
2228,劍麟,12,(221)新北市汐止區新台五路一段98號19樓,陳立儂,"$797,796,920","79,779,692",25.0603929,121.648388
2231,為升,12,彰化縣福興鄉番婆村彰鹿路六段546巷6號,吳柏澄,"$1,359,176,080","135,917,608",24.0472761,120.4589892
2233,宇隆,12,台中市梧棲區經二路27號,蔡銘東,"$602,880,890","60,288,089",24.2379084,120.5095913
2236,百達-KY,12,臺北市松山區敦化北路205號3樓,黃泓杰,"$614,016,890","61,401,689",25.0574202,121.5495128
2239,英利-KY,12,彰化縣彰化市中山路二段349號8樓,白秉諺,"$1,203,465,930","120,346,593",24.0744396,120.5435604
2241,艾姆勒,12,新北市林口區文化三路二段455號10樓,石志鴻,"$1,046,023,060","104,602,306",25.0905085,121.3811853
2243,宏旭-KY,12,24447新北市林口區文化一路一段86號2樓,蘇德仁,"$693,735,960","69,373,596",25.0704089,121.3727072
2247,汎德永業,12,台北市內湖區行愛路100號6樓,杜黃旭,"$807,087,350","80,708,735",25.062889,121.5807019
2248,華勝-KY,12,台北市中山區南京東路二段150號5樓518室,朱中平,"$476,000,000","47,600,000",25.0519163,121.5342048
2250,IKKA-KY,12,新竹縣關西鎮深坑子3-1號,胡湘麒,"$363,882,260","36,388,226",24.80399,121.15745
2254,巨鎧精密-創,12,臺南市安南區科技二路50號,熊金鐸,"$639,076,800","63,907,680",23.0352599,120.1406707
2258,鴻華先進-創,12,新北市新店區寶高路26號7樓,王理巍,"$17,482,562,000","1,748,256,200",24.9768961,121.5507415
2301,光寶科,25,台北市內湖區瑞光路392號22樓,張衣宜,"$23,167,757,630","2,316,775,763",25.0778958,121.5711203
2302,麗正,24,新北市土城區中山路71號,林瑞萍,"$1,663,028,810","166,302,881",24.9657003,121.4270364
2303,聯電,24,新竹科學園區新竹市力行二路三號,劉啟東,"$126,000,000,000","12,588,156,344",24.7721719,121.0189276
2305,全友,25,新竹市科學園區工業東三路六號,戴輝權,"$2,056,608,270","205,660,827",24.7764672,121.0060818
2308,台達電,28,台北市內湖區瑞光路186號,周志宏,"$25,975,433,290","2,597,543,329",25.0742217,121.5777976
2312,金寶,31,(105)臺北市南京東路五段99號10樓,游千慧,"$15,054,572,110","1,505,457,211",25.0516842,121.5605576
2313,華通,28,桃園市蘆竹區新莊里大新路814巷91號,呂  範,"$11,918,205,890","1,191,820,589",25.0249522,121.2423216
2314,台揚,27,新竹科學園區新竹市創新二路一號,吳永欽,"$1,061,264,220","106,126,422",24.781492,120.9953014
2316,楠梓電,28,高雄市楠梓區開發路37號,呂淑芬,"$1,827,405,360","182,740,536",22.7210857,120.3038746
2317,鴻海,31,新北市土城區自由街2號,巫俊毅,"$140,000,000,000","13,964,222,294",24.9663717,121.4214248
2321,東訊,27,新竹科學園區新竹市研發二路23號,李梅玲,"$302,719,290","30,271,929",24.7798141,121.0006303
2323,中環,26,台北市中山區民權西路53號15樓,陳君煒,"$10,893,483,280","1,089,348,328",25.0631324,121.5205971
2324,仁寶,25,台北市內湖區瑞光路581號及581之1號,王正強,"$44,071,466,250","4,407,146,625",25.0799209,121.5681287
2327,國巨*,28,新北市新店區寶橋路233-1號3樓,張天成,"$5,182,414,550","2,072,965,820",24.979567,121.5520265
2328,廣宇,28,235新北市中和區碧河里建八路200號6樓,郭世華,"$5,183,462,820","518,346,282",24.9985387,121.4913982
2329,華泰,24,高雄市楠梓區中三街9號,洪士&#29641;,"$6,590,043,330","659,004,333",22.7234873,120.3016846
2330,台積電,24,新竹科學園區力行六路8號,黃仁昭,"$259,000,000,000","25,932,524,521",24.7729248,121.0133215
2331,精英,25,臺北市中山區中山北路3段22-1號9樓,蕭秀宇,"$5,574,029,680","557,402,968",25.0641969,121.5211929
2332,友訊,27,台北市內湖區新湖三路289號,張家瑞,"$6,022,423,730","602,242,373",25.0658651,121.5827534
2337,旺宏,24,新竹科學園區新竹巿力行路16號,吳敏求,"$19,310,828,180","1,931,082,818",24.7668793,121.023578
2338,光罩,24,新竹科學園區新竹縣寶山鄉創新一路十一號,楊貽婷,"$3,168,491,830","316,849,183",24.7762588,120.9973088
2340,台亞,24,新竹科學園區新竹市力行五路1號,賴文聰,"$4,386,228,460","438,622,846",24.7630317,121.0212586
2342,茂矽,24,新竹市科學園區研新一路一號,盧建志,"$1,575,247,440","157,524,744",24.7750185,120.9900134
2344,華邦電,24,台中市大雅區中部科學園區科雅一路8號,范祥雲,"$45,000,001,930","4,500,000,193",24.2121045,120.6199474
2345,智邦,27,新竹縣竹北市北興里智慧一路1號,林信玄,"$5,611,178,970","561,117,897",24.8298567,121.0226182
2347,聯強,29,臺北市南港區市民大道八段205號27樓,杜書全,"$16,679,469,680","1,667,946,968",25.0529056,121.6026647
2348,海悅,20,台北市松山區敦化北路260號7樓,王俊傑,"$1,818,988,530","151,898,853",25.0612977,121.5502185
2349,錸德,26,新竹縣湖口鄉光復北路42號,王鼎章,"$6,936,796,630","693,679,663",24.8729317,121.0226245
2351,順德,24,彰化市大竹里彰南路二段260號,陳朝興,"$1,821,402,490","182,140,249",24.083391,120.584002
2352,佳世達,25,桃園市龜山區山鶯路157號,洪秋金,"$15,805,065,050","1,580,506,505",24.9884982,121.325432
2353,宏碁,25,台北市松山區復興北路369號7樓之5,陳怡如,"$30,478,538,280","3,047,853,828",25.0626923,121.5447163
2354,鴻準,31,新北市土城區中山路3-2號,林鈺凱,"$14,144,851,920","1,414,485,192",24.9611318,121.4124873
2355,敬鵬,28,桃園市蘆竹區內厝里內厝街46號,蕭公彥,"$3,974,954,200","397,495,420",25.0597934,121.2857393
2356,英業達,25,北市後港街六十六號,游進寶,"$35,874,750,660","3,587,475,066",25.0855709,121.522228
2357,華碩,25,台北市北投區立德路15號,吳長榮,"$7,427,602,800","742,760,280",25.1248748,121.4709769
2359,所羅門,31,台北市內湖區行忠路四十二號6樓,黃世昌,"$1,714,710,520","171,471,052",25.0666122,121.5804524
2360,致茂,31,桃園市龜山區文茂路88號,應正,"$4,252,617,420","425,261,742",25.050349,121.3890505
2362,藍天,25,新北市新莊區思源路555號35樓,吳麥,"$6,222,630,000","622,263,000",25.0583842,121.4593087
2363,矽統,24,新竹市公道五路二段180號,戎樂天,"$5,149,881,610","514,988,161",24.800212,121.0040659
2364,倫飛,25,臺北市內湖區瑞光路550號9樓,王宏榮,"$523,897,100","52,388,648",25.0797907,121.5669423
2365,昆盈,25,新北市三重區重新路五段492號1-8樓,卓世坤,"$2,215,284,960","221,528,496",25.0468444,121.4735197
2367,燿華,28,新北市土城區中山路4巷3號,吳錦芳,"$7,062,531,750","706,253,175",24.9597619,121.4135699
2368,金像電,28,桃園市中壢區西園路113號,楊承蓉,"$5,051,299,930","505,129,993",24.9849336,121.236183
2369,菱生,24,台中市潭子區南二路五之一號,許日明,"$3,801,023,440","380,102,344",24.2174104,120.7015351
2371,大同,5,台北市中山北路3段22號,丁爾昆,"$21,508,348,510","2,150,834,851",25.0645078,121.5216544
2373,震旦行,31,台北市信義路五段二號十五樓,王玉治,"$2,362,025,180","236,202,518",25.0332738,121.5731167
2374,佳能,26,新北市新莊區中環路三段200號18樓,章孝祺,"$3,245,791,330","324,579,133",25.0546483,121.4427064
2375,凱美,28,新北市汐止區新台五路一段81號13樓,李彥儒,"$1,086,753,340","108,675,334",25.0612639,121.6461131
2376,技嘉,25,新北市新店區寶強路六號,劉文忠,"$6,698,888,860","669,888,886",24.9791085,121.543661
2377,微星,25,新北市中和區立德街69號,洪寶玉,"$8,448,561,990","844,856,199",25.0076333,121.4874171
2379,瑞昱,24,新竹科學園區創新二路2號,黃依瑋,"$5,155,126,410","515,512,641",24.7804256,120.9950033
2380,虹光,25,新竹縣新竹科學園區研新一路二十號,盧冠嶧,"$2,169,340,840","216,934,084",24.7743915,120.9909205
2382,廣達,25,桃園市龜山區文化里文化二路188號,楊俊烈,"$38,626,274,320","3,862,627,432",25.0486928,121.3745323
2383,台光電,28,桃園巿觀音區觀音工業區大同一路18號,莊育清,"$3,583,211,140","358,321,114",25.0482139,121.129751
2385,群光,28,新北市三重區光復路二段69號,林玉玲,"$7,600,531,720","760,053,172",25.056471,121.4726721
2387,精元,25,台中市大雅區昌平路四段475號,吳明鴻,"$1,952,510,510","195,251,051",24.2265207,120.6704371
2388,威盛,24,新北市新店區中正路535號8樓,陳文琦,"$5,556,749,410","555,674,941",24.9857751,121.5332536
2390,云辰,31,新北市土城區中華路一段50號3樓,呂麗筑,"$1,926,194,420","192,619,442",24.9889406,121.4459336
2392,正崴,28,新北市土城區中山路18號,劉素芳,"$5,123,269,400","512,326,940",24.9621052,121.4192915
2393,億光,26,新北市樹林區中華路6之8號,蘇鴻彥,"$4,433,930,860","443,393,086",24.9845408,121.4249152
2395,研華,25,台北市內湖區瑞光路26巷20弄1號,陳清熙,"$8,651,897,910","865,189,791",25.0692634,121.5823967
2397,友通,25,新北市汐止區新台五路一 段97號10樓,黃麗敏,"$1,144,888,570","114,488,857",25.0619806,121.6483357
2399,映泰,25,新北市新店區民權路108-2號2樓,鄭仲賜,"$1,781,000,000","178,100,000",24.983039,121.5359077
2401,凌陽,24,新竹科學園區創新一路十九號,莊濟安,"$5,919,949,190","591,994,919",24.7762588,120.9973088
2402,毅嘉,28,桃園市龜山區華亞二路268號,曾恭勝,"$3,075,365,330","307,536,533",25.0440051,121.3739964
2404,漢唐,31,新北市中和區橋和路13號13樓,許俊源,"$1,905,866,980","190,586,698",25.0054113,121.4889643
2405,輔信,25,台北市內湖區瑞光路76巷30號,張崇瑛,"$3,434,273,030","343,427,303",25.0705993,121.5804256
2406,國碩,26,新竹縣湖口鄉工業一路3號,陳繼明,"$3,509,056,890","350,905,689",24.8717943,121.0262117
2408,南亞科,24,新北市泰山區大科里南林路98號,李培瑛,"$30,986,278,940","3,098,627,894",25.0483479,121.4149647
2409,友達,26,新竹市科學園區力行二路一號,張博儀,"$75,470,989,720","7,547,098,972",24.7721719,121.0189276
2412,中華電,27,台北市信義路一段二十一之三號,許文馨,"$77,574,465,450","7,757,446,545",25.0371719,121.5210564
2413,環科,28,台中市工業區27路3號,麻中直,"$1,273,592,000","127,359,200",24.1477358,120.6736482
2414,精技,29,台北市內湖區新湖二路236號3樓,洪莉萍,"$1,617,358,460","161,735,846",25.064474,121.5822173
2415,錩新,28,台北市中山區遼寧街179號20樓,陳光宗,"$900,000,000","90,000,000",25.0529951,121.5424023
2417,圓剛,25,新北市中和區建一路135號,林朝祥,"$1,572,938,640","157,293,864",25.0010718,121.4882309
2419,仲琦,27,新竹科學園區新竹市力行一路1-8號,周暘智,"$3,213,172,290","321,317,229",24.7717653,121.017129
2420,新巨,28,新北市新店區民權路50號10樓,鄭秋怡,"$1,526,486,880","152,648,688",24.9831123,121.5392127
2421,建準,28,高雄市前鎮區新衙路296巷30號,李為仁,"$2,734,436,690","273,443,669",22.5821585,120.3144399
2423,固緯,31,新北市土城區中興路7之1號,林欣怡,"$1,450,472,890","145,047,289",24.9644962,121.4233557
2424,隴華,27,台北市松山區八德路三段32號15樓,王雅萱,"$595,850,000","59,585,000",25.0480506,121.5517355
2425,承啟,25,新北市新店區民權路48-3號3樓,李凱莉,"$964,988,310","96,498,831",24.9831007,121.5396336
2426,鼎元,26,新竹科學園區苗栗縣竹南鎮科中路15號,邱美玲,"$3,006,222,520","300,622,252",24.7103885,120.9142317
2427,三商電,30,台北市信義路五段150巷2號3樓,陳文祝,"$1,979,995,730","197,999,573",25.0289464,121.5720526
2428,興勤,28,高雄市三民區民族一路373巷21號,洪玉芳,"$1,281,127,260","128,112,726",22.6543574,120.3145465
2429,銘旺科,26,桃園市中壢區高鐵站前西路一段286號3樓之1,蘇漢卿,"$855,000,000","85,500,000",25.0087136,121.2177525
2430,燦坤,29,台北市內湖區堤頂大道一段331號3樓,王友良,"$1,168,000,000","116,800,000",25.0627986,121.5730648
2431,聯昌,28,台北市內湖區南京東路六段501號11樓,林春連,"$1,109,270,140","110,927,014",25.0617968,121.5886617
2432,倚天酷碁-創,25,台北市松山區復興北路369號7樓之5,鍾逸鈞,"$618,600,000","61,860,000",25.0626923,121.5447163
2433,互盛電,31,臺北市信義區信義路5段2號7樓,謝淑惠,"$1,444,960,110","144,496,011",25.0333845,121.56232
2434,統懋,24,台南市新市區中山路76號,嚴永森,"$370,000,000","37,000,000",23.0763325,120.3009792
2436,偉詮電,24,新竹科學園區新竹縣寶山鄉工業東九路24號2樓,郭幸容,"$1,999,280,740","199,928,074",24.7725734,121.0052562
2438,翔耀,26,臺北市大安區光復南路438號12樓,張順昌,"$651,956,410","65,195,641",25.0360308,121.5573024
2439,美律,27,台中市南屯區寶山里工業區23路22號,黃朝豊,"$2,538,396,140","253,839,614",24.160107,120.604168
2440,太空梭,28,新竹縣竹北市環科一路23號9樓之2,林子鑫,"$1,391,172,710","139,117,271",24.8454728,121.0098623
2441,超豐,24,苗栗縣竹南鎮公義路136號,林美玲,"$5,688,459,210","568,845,921",24.6964214,120.882682
2442,新美齊,14,台北市114內湖區陽光街300號7樓,林傳捷,"$2,746,265,540","274,626,554",25.0727237,121.5747539
2444,兆勁,27,新竹科學園區苗栗縣竹南鎮科研路50-8號2樓,賴博文,"$1,015,695,730","101,569,573",24.7067409,120.9212751
2449,京元電子,24,新竹市公道五路二段81號,趙敬堯,"$12,227,450,650","1,222,745,065",24.7975947,121.0072678
2450,神腦,27,新北市新店區中正路531號2樓,陳嘉麒,"$2,582,526,570","258,252,657",24.9857751,121.5332536
2451,創見,24,台北市內湖區行忠路70號,陳柏壽,"$4,307,016,750","430,701,675",25.0663608,121.580801
2453,凌群,30,台北市峨眉街115號6樓,曾景川,"$1,000,000,000","100,000,000",25.0445177,121.5036795
2454,聯發科,24,新竹科學園區篤行一路1號,顧大為,"$16,039,121,820","1,603,912,182",24.7722789,121.0232586
2455,全新,27,桃園市平鎮區工業一路16號,蔣志青,"$1,849,059,180","184,905,918",24.9058043,121.2034769
2457,飛宏,28,桃園市龜山區復興三路568號,簡文松,"$4,247,724,160","424,772,416",25.0398217,121.3725354
2458,義隆,24,新竹科學園區新竹縣創新一路十二號,蔡淑馨,"$3,038,803,920","303,880,392",24.7762588,120.9973088
2459,敦吉,31,臺北市內湖路1段120巷8號,陳良德,"$1,055,956,150","105,595,615",25.0823089,121.5683655
2460,建通,28,高雄市路竹區大同路513巷138號,陳正澔,"$1,692,000,000","169,200,000",22.8528168,120.2705995
2461,光群雷,31,新竹市科學工業園區力行六路一號,洪雅菁,"$1,743,069,380","174,306,938",24.7732028,121.014891
2462,良得電,28,(22206)新北市深坑區北深路三段272號,江文裕,"$1,507,844,820","150,784,482",25.0049353,121.5980591
2464,盟立,31,新竹市科學園區研發二路3號,林芳毅,"$2,064,512,260","206,451,226",24.7779406,121.0012065
2465,麗臺,25,新北市中和區建一路166號18樓,張慎,"$939,460,310","93,946,031",24.9977805,121.4877378
2466,冠西電,26,新北市中和區連城路258號11樓,黃琮善,"$1,734,586,970","173,458,697",24.9965494,121.4869174
2467,志聖,28,新北市林口區工二工業區工八路2-1號,吳晏城,"$1,567,553,480","156,755,348",25.0784857,121.4026372
2468,華經,30,台北市內湖區行愛路78巷25號6樓,陳秀月,"$699,612,490","69,961,249",25.0617056,121.5803403
2471,資通,30,台北市中山北路2段111號3樓,林青龍,"$472,538,900","47,253,890",25.0601797,121.5232588
2472,立隆電,28,台中市大里區國光路一段147號,張真卿,"$1,647,351,370","164,735,137",24.0981712,120.6829196
2474,可成,31,台南市永康區仁愛街398號,侯乃鳳,"$5,921,690,680","592,169,068",23.0522638,120.2435946
2476,鉅祥,28,桃園市新屋區九斗里8鄰九洲路1號,廖文(女英),"$2,166,208,840","216,620,884",24.962244,121.1406008
2477,美隆電,31,桃園市桃園區幸福路99號,郭力榕,"$1,585,732,440","158,573,244",25.0282935,121.30148
2478,大毅,28,桃園市蘆竹區山鼻里5鄰南山路三段17巷4號1樓,劉俐妏,"$1,447,313,390","144,731,339",25.0772046,121.28461
2480,敦陽科,30,新竹市東大路二段83號12F之1,黃新琪,"$1,063,602,910","106,360,291",24.8133629,120.96736
2481,強茂,24,高雄市岡山區岡山北路24號,沈盈秀,"$3,821,149,270","382,114,927",22.808956,120.284364
2482,連宇,31,新北市土城區自強街15巷1號1樓,賴政緯,"$778,827,110","77,882,711",24.9705522,121.4306297
2483,百容,28,台中市南屯區工業區25路20號,蔡荻宜,"$1,078,898,070","107,889,807",24.1471183,120.6084832
2484,希華,28,427台中市潭子區中山路三段111巷1-1號,陳春蓉,"$1,594,210,220","159,421,022",24.2228701,120.7060195
2485,兆赫,27,新北市中和區員山路512號7樓,何文順,"$3,176,890,370","317,689,037",25.0091672,121.4792362
2486,一詮,26,新北市新莊區五工五路17號,劉秀興,"$2,339,585,790","233,958,579",25.0632352,121.4544312
2488,漢平,31,台南市仁德區中正路三段256號,劉深鏗,"$799,994,330","79,999,433",22.9791603,120.2558441
2489,瑞軒,26,新北市中和區連城路268號17樓,邱裕平,"$6,100,000,000","610,000,000",24.9966071,121.4866877
2491,吉祥全,26,新北市新店區中正路54巷6號,陳碧華,"$820,080,000","82,008,000",24.9703657,121.5450922
2492,華新科,28,台北市松智路1號24樓,李定珠,"$4,858,047,740","485,804,774",25.0329636,121.5654268
2493,揚博,28,台北市信義區松德路171號17樓,蘇勝義,"$1,267,966,290","126,796,629",25.0358457,121.5749508
2495,普安,25,新北市中和區中山路三段102號8樓,陳慶東,"$2,735,515,380","273,551,538",25.0060687,121.4769214
2496,卓越,20,台北市中正區忠孝西路一段50號22樓之11,曾淑鈴,"$191,004,400","19,100,440",25.0461618,121.5158709
2497,怡利電,12,彰化縣伸港鄉溪底村工東一路37號,柯茂全,"$1,180,876,760","118,087,676",24.1649094,120.5129388
2498,宏達電,27,桃園市桃園區興華路21巷1號,盧佳德,"$8,359,620,860","835,962,086",24.9758457,121.326534
2501,國建,14,台北市敦化南路二段218號2樓,林清樑,"$11,595,610,590","1,159,561,059",25.0217834,121.5483153
2504,國產,14,台北市內湖區新湖一路8號7樓,許見印,"$11,800,000,000","1,180,000,000",25.0585726,121.5745124
2505,國揚,14,台北市南港區經貿一路170號11樓之8,王正怡,"$3,800,000,000","380,000,000",25.0578213,121.6182218
2506,太設,14,台北市信義區光復南路495號,陳清暉,"$3,870,000,000","387,000,000",25.032316,121.5582738
2509,全坤建,14,台北市內湖區新湖二路329號6樓,韋建玲,"$2,245,505,300","224,550,530",25.0645249,121.5834011
2511,太子,14,臺南市東區中華東路1段398號8樓,林俊良,"$16,233,261,470","1,623,326,147",22.9913966,120.2342904
2514,龍邦,20,台北市中正區忠孝西路一段50號9樓,董一清,"$3,947,292,780","394,729,278",25.046241,121.5158595
2515,中工,14,台北市松山區東興路12號6樓,程安慈,"$16,079,040,840","1,607,904,084",25.049728,121.5650569
2516,新建,14,臺北市八德路四段760號15-16樓,陳柏仲,"$2,262,784,570","226,278,457",25.0501352,121.5792611
2520,冠德,14,台北市松山區民權東路三段169號10樓,張勝安,"$6,094,871,100","609,487,110",25.0622998,121.547451
2524,京城,14,高雄市左營區博愛二路150號16樓,周敬恆,"$3,659,835,450","365,983,545",22.6591313,120.3033349
2527,宏璟,14,台北市基隆路一段420號10樓,簡文祥,"$2,703,060,000","270,306,000",25.0340484,121.5598114
2528,皇普,14,桃園市桃園區文中路747號6樓,陳玠吟,"$4,340,264,670","434,026,467",24.9927715,121.2748491
2530,華建,14,台北市內湖區成功路五段460號16樓,李俊賢,"$8,399,880,000","839,988,000",25.0736564,121.6064254
2534,宏盛,14,台北市松山區敦化北路168號14樓,陳育德,"$4,742,279,700","474,227,970",25.055295,121.5485189
2535,達欣工,14,台北市大安區敦化南路二段92號9樓,陳士修,"$2,707,939,670","270,793,967",25.028396,121.5483159
2536,宏普,14,台北市大安區敦化南路二段19號9樓,詹俊炫,"$3,328,086,520","332,808,652",25.0324737,121.5491967
2537,聯上發,14,台北市信義區忠孝東路五段68號36樓,李志明,"$3,005,577,950","300,557,795",25.0401943,121.5670107
2538,基泰,14,台北市中正區衡陽路五十一號十樓,紀鈞舜,"$4,450,254,950","445,025,495",25.042202,121.512216
2539,櫻花建,14,台中市西區臺灣大道二段239號4樓,陳世英,"$11,931,025,810","1,193,102,581",24.1526957,120.6665998
2540,愛山林,14,台北市中山區龍江路128號2樓,張境在,"$9,448,739,650","944,873,965",25.0540359,121.5401225
2542,興富發,14,台北市中山區樂群二路267號10樓,廖昭雄,"$21,730,835,390","2,173,083,539",25.0802622,121.5604999
2543,皇昌,14,台北市內湖區潭美街539號23樓,官心惠,"$5,323,839,610","532,383,961",25.0612235,121.5995171
2545,皇翔,14,台北市博愛路38號8樓,游玉華,"$3,797,348,080","379,734,808",25.0458958,121.5111689
2546,根基,14,台北市松山區民權東路三段169號9樓,范錦華,"$1,305,241,930","130,524,193",25.0622998,121.547451
2547,日勝生,14,台北市大同區市民大道一段209號14樓,陳婷婷,"$10,350,946,490","1,035,094,649",25.049116,121.5185352
2548,華固,14,台北市信義路四段456號7樓,劉若梅,"$3,197,186,970","319,718,697",25.0327501,121.558558
2597,潤弘,14,台北市中山區八德路二段308號10樓,曹昌盛,"$3,107,160,000","310,716,000",25.0469264,121.5425248
2601,益航,18,台北市復興南路二段237號14樓,林燕玲,"$8,247,760,670","824,776,067",25.0258844,121.5435746
2603,長榮,15,台北市中山區民生東路二段166號,吳光輝,"$21,650,429,960","2,165,042,996",25.057629,121.5341903
2605,新興,15,台北市大安區復興南路一段368號14樓,許志鴻,"$5,853,532,970","585,353,297",25.0349719,121.5433011
2606,裕民,15,台北市敦化南路二段207號29樓,張宗良,"$8,450,557,120","845,055,712",25.0260072,121.5493964
2607,榮運,15,桃園市桃園區經國路899號,林振芳,"$5,335,705,470","533,570,547",25.0326081,121.3000974
2608,嘉里大榮,15,台北市中正區新生南路一段50號14樓,阮慧雯,"$4,670,004,980","467,000,498",25.0419046,121.5325363
2609,陽明,15,基隆市七堵區明德一路271號,李明輝,"$34,921,042,700","3,492,104,270",25.0944587,121.7109313
2610,華航,15,桃園市大園區航站南路一號,魯淑慧,"$60,839,235,590","6,083,923,559",25.0747199,121.231015
2611,志信,15,台北市大安區市民大道三段206號6樓,陳秀奇,"$1,890,022,720","189,002,272",25.0443192,121.5398784
2612,中航,15,台北市濟南路一段15號9樓,唐邦正,"$1,974,845,930","197,484,593",25.0426165,121.5223845
2613,中櫃,15,新北市汐止區大同路三段二七五號,陳政宏,"$1,484,234,580","148,423,458",25.0765543,121.6728208
2614,東森,20,台北市復興南路一段368號8樓,周惠英,"$3,272,649,460","327,264,946",25.0348427,121.5432866
2615,萬海,15,台北市松江路136號10樓,蘇麗梅,"$28,061,462,930","2,806,146,293",25.0531064,121.5327102
2616,山隆,23,新北市板橋區民生路一段1-2號1樓,蕭煒騰,"$1,372,818,270","137,281,827",25.0116328,121.476604
2617,台航,15,台北市濟南路二段29號2~6樓,仇忠林,"$4,172,944,870","417,294,487",25.0411578,121.5287295
2618,長榮航,15,桃園市蘆竹區新南路一段376號,陳耀銘,"$54,004,443,350","5,400,444,335",25.040288,121.297104
2630,亞航,15,台南市仁德區仁愛里機場路1050號,趙晉賢,"$2,094,382,040","209,438,204",22.9492925,120.2169364
2633,台灣高鐵,15,(11568)台北市南港區經貿二路66號13樓,鄒衡蕪,"$56,282,930,580","5,628,293,058",25.0571838,121.616376
2634,漢翔,15,台中市西屯區漢翔路1號,莊秀美,"$9,418,671,010","941,867,101",24.1851915,120.646323
2636,台驊控股,15,台北市信義區忠孝東路四段 563 號 12樓,王春英,"$1,418,352,300","141,835,230",25.0415888,121.5640499
2637,慧洋-KY,15,"Windward 3,Regatta Office Park,PO Box 1350,Grand Cayman KY1",薛亦駿,"$7,464,091,990","746,409,199",19.3402436,-81.3781774
2642,宅配通,15,241020新北市三重區神農街426號,廖浩廷,"$954,670,000","95,467,000",25.0569719,121.4739314
2645,長榮航太,15,桃園市大園區航站南路6號,謝新文,"$3,745,709,620","374,570,962",25.0660852,121.218951
2646,星宇航空,15,臺北市信義區忠孝東路四段525號11樓,梁文龍,"$30,087,350,000","3,008,735,000",25.0419554,121.5613451
2701,萬企,16,台北市峨嵋街52號,蔡茂昌,"$4,499,678,380","449,967,838",25.0329636,121.5654268
2702,華園,16,高雄市苓雅區四維三路6號23樓B室,涂慶昇,"$1,566,132,490","156,613,249",22.619908,120.311166
2704,國賓,16,臺北市中山區中山北路2段65巷9號2樓,林興國,"$3,669,233,430","366,923,343",25.0573268,121.5238351
2705,六福,16,新竹縣關西鎮仁安里拱子溝六十號,施丁文,"$1,913,128,300","191,312,830",24.808257,121.18405
2706,第一店,16,台北市南京東路二段六十三號,顧安生,"$4,999,983,460","499,998,346",25.0329636,121.5654268
2707,晶華,16,台北市中山北路2段39巷3號1-20樓,王文蘊,"$1,274,032,380","127,403,238",25.0541575,121.5242879
2712,遠雄來,16,974花蓮縣壽豐鄉鹽寮村山嶺18號,李翰林,"$1,050,000,000","105,000,000",23.9782301,121.5980424
2722,夏都,16,屏東縣恆春鎮網紗里環城北路218巷15號,陳重憲,"$1,431,696,960","143,169,696",22.009687,120.7453454
2723,美食-KY,16,台中市南屯區工業23路35號,李翰霖,"$1,800,000,000","180,000,000",24.1471183,120.6084832
2727,王品,16,臺中市西區臺灣大道二段218號29樓,朱文敏,"$844,511,090","84,451,109",24.1521315,120.6690084
2731,雄獅,16,台北市內湖區石潭路151號9樓,賴一青,"$932,777,390","93,277,739",25.0640249,121.5891239
2739,寒舍,16,台北市中正區忠孝東路一段12號,閔桂鈴,"$915,260,000","91,526,000",25.0445802,121.5224401
2748,雲品,16,台北市中山區中山北路二段96號8樓,曾景宏,"$1,057,787,400","105,778,740",25.0594999,121.5225228
2753,八方雲集,16,新北市淡水區中正東路二段27號18樓,林欣怡,"$666,447,960","66,644,796",25.157273,121.4597656
2762,世界健身-KY,37,台中市西屯區市政路402號36樓,柯約翰,"$1,125,000,000","112,500,000",24.1591048,120.6395963
2801,彰銀,17,臺中市自由路二段三八號,鄧秀娟,"$118,000,000,000","11,766,046,253",24.1404828,120.682574
2812,台中銀,17,台中市民權路87號,鄭榮國,"$60,216,259,210","6,021,625,921",24.1375701,120.680032
2816,旺旺保,17,台北巿大安區忠孝東路四段219號12樓,潘少昀,"$2,236,080,000","223,608,000",25.0417101,121.552573
2820,華票,17,台北市內湖區堤頂大道二段99號4樓,劉立凡,"$13,429,600,000","1,342,960,000",25.0768435,121.5713391
2832,台產,17,臺北市館前路49號8樓,黃志傑,"$2,535,402,800","253,540,280",25.0448871,121.515147
2834,臺企銀,17,台北市塔城街三十號,乙增祥,"$97,180,618,490","9,718,061,849",25.0506553,121.5105204
2836,高雄銀,17,高雄市左營區博愛二路168號,張榮泰,"$18,799,169,850","1,839,916,985",22.6594219,120.3034124
2838,聯邦銀,17,台北市松山區民生東路三段109號1、2樓,楊巨昌,"$45,405,517,790","4,340,551,779",25.0580756,121.5452225
2845,遠東銀,17,"台北市敦化南路二段207號26, 27樓",林建忠,"$48,652,847,310","4,865,284,731",25.0260072,121.5493964
2849,安泰銀,17,臺北市信義區信義路五段7號16樓、40樓及41樓,張人偉,"$19,576,093,490","1,957,609,349",25.033976,121.5645389
2850,新產,17,台北市建國北路二段十三號十一樓,蔡世賢,"$3,159,633,000","315,963,300",25.0572323,121.5371373
2851,中再保,17,台北市南京東路二段53號12樓,鍾志宏,"$8,003,887,500","800,388,750",25.0522951,121.5297099
2852,第一保,17,台北市中正區忠孝東路一段五十四號,吳東穎,"$3,011,637,840","301,163,784",25.0421407,121.5198716
2855,統一證,17,台北市東興路8號1樓,安芝立,"$16,014,144,780","1,601,414,478",25.0502151,121.5648409
2867,三商壽,17,台北市內湖區石潭路58號1樓,陳宏昇(暫代),"$58,995,010,440","5,899,501,044",25.0623038,121.5867404
2880,華南金,17,台北市信義區松仁路123號,陳伯壎,"$139,000,000,000","13,916,965,089",25.0342819,121.5692094
2881,富邦金,17,臺北市中山區遼寧街179號15樓、16樓,韓蔚廷,"$156,000,000,000","14,007,364,952",25.0530555,121.5424725
2882,國泰金,17,台北市仁愛路四段296號,陳晏如,"$162,000,000,000","14,669,210,128",25.0374079,121.5536523
2883,凱基金,17,台北市松山區敦化北路135號8、12、13及18樓,黃碧玲,"$186,000,000,000","16,974,847,040",25.0529739,121.5497677
2884,玉山金,17,臺北市松山區民生東路三段117號14樓及115號1樓,林俊佑,"$162,000,000,000","16,174,000,000",25.0580749,121.5464339
2885,元大金,17,臺北市大安區仁愛路三段157號6樓、8樓、10樓、13樓、16樓至20樓,黃維誠,"$133,000,000,000","13,331,149,946",25.0383911,121.5432647
2886,兆豐金,17,台北市忠孝東路二段123號14至17樓、20至21樓,丁涵茵,"$148,000,000,000","14,833,378,282",25.0428707,121.5325115
2887,台新新光金,17,台北市大安區仁愛路4段118號12、13、15、16、21、22及23樓,林維俊,"$294,000,000,000","24,866,399,230",25.0374919,121.54996
2889,國票金,17,台北市樂群三路128號17樓,李憲宗,"$36,335,634,710","3,633,563,471",25.0824791,121.554909
2890,永豐金,17,台北市中山區八德路2段306號3樓、5至13樓及308號6樓之1、6樓之2,許如玫,"$145,000,000,000","14,492,322,275",25.0470921,121.5425268
2891,中信金,17,臺北市南港區經貿二路168號27樓、29樓,高麗雪,"$202,000,000,000","19,677,816,903",25.0585084,121.6159507
2892,第一金,17,台北市重慶南路一段30號,李淑玲,"$144,000,000,000","14,379,468,650",25.0455659,121.5130548
2897,王道銀行,17,(114)台北市內湖區堤頂大道二段九十九號,張倫瑋,"$30,553,578,780","2,805,357,878",25.0784036,121.5654932
2901,欣欣,18,台北市林森北路247號,林再生,"$730,432,830","73,043,283",25.0541282,121.525751
2903,遠百,18,新北市板橋區新站路16號18樓,劉儀婷,"$14,169,405,890","1,416,940,589",25.013132,121.4670082
2904,匯僑,20,台北市民生東路三段一三一號五樓,梁世詮,"$778,344,320","77,834,432",25.0614801,121.5351375
2905,三商,18,台北市建國北路二段145號地下1樓及1~18樓,王志華,"$11,103,717,030","1,110,371,703",25.0612581,121.5373819
2906,高林,18,新北市汐止區新台五路一段95號21樓之8,王培煜,"$2,091,166,480","209,116,648",25.0620111,121.6484167
2908,特力,18,台北市內湖區新湖三路23號6樓,林素玲,"$5,098,875,580","509,887,558",25.0619908,121.5742691
2910,統領,18,台北市大安區忠孝東路四段197號10樓之6,陳文隆,"$1,754,030,000","175,403,000",25.0416934,121.5515151
2911,麗嬰房,18,台北市內湖區陽光街321巷60號,尤淑儀,"$1,051,259,990","105,125,999",25.0716856,121.5770464
2912,統一超,18,台北市東興路65號2樓,吳玟琪,"$10,396,222,550","1,039,622,255",25.0468659,121.5666547
2913,農林,18,新竹縣湖口鄉中華路3號,高力川,"$7,900,000,000","790,000,000",24.8643146,121.0041019
2915,潤泰全,18,台北市八德路二段三０八號十三樓之一,李天傑,"$11,043,187,720","1,104,318,772",25.0468868,121.5411462
2923,鼎固-KY,14,臺北市信義區基隆路一段420號10樓(臺北聯絡處),張能耀,"$17,402,969,820","1,740,296,982",25.0340484,121.5598114
2929,淘帝-KY,18,台北市內湖區新湖一路97號2樓,陳建瑋,"$1,094,938,380","109,493,838",25.0584745,121.5763023
2939,永邑-KY,18,新北市中和區建八路216號13樓,王碩偉,"$455,486,650","45,548,665",24.9984157,121.4914779
2945,三商家購,18,台北市中山區民權東路三段４號地下一層,邱光隆,"$675,000,000","67,500,000",25.06207,121.5388147
3002,歐格,25,台北市內湖區內湖路一段88號5樓,林瑞峰,"$1,020,000,000","102,000,000",25.0833496,121.5627759
3003,健和興,28,彰化縣線西鄉彰濱東三路8號,曾玉卿,"$1,556,548,900","155,654,890",24.1325216,120.4309918
3004,豐達科,10,桃園市平鎮區太平東路5號,李文正,"$559,054,550","55,905,455",24.9038169,121.2510146
3005,神基,25,臺北市南港區南港路一段209號5樓,黃明漢,"$6,224,786,500","622,478,650",25.0545407,121.6115636
3006,晶豪科,24,新竹科學園區新竹市工業東四路23號,吳鴻基,"$2,861,722,380","286,172,238",24.7746018,121.0090948
3008,大立光,26,台中市南屯區精科路11號,林恩平,"$1,334,681,970","133,468,197",24.1473185,120.60424
3010,華立,29,高雄市前金區中正四路235號10樓,黃露慧,"$2,594,368,170","259,436,817",22.6280209,120.2925603
3011,今皓,28,新北市新店區寶興路53號,林盟傑,"$1,296,468,510","129,646,851",24.9729851,121.5495443
3013,晟銘電,25,台北市內湖區民權東路六段27號2~6F,莊家熒,"$2,051,389,300","205,138,930",25.06892,121.5838205
3014,聯陽,24,新竹縣新竹科學園區創新一路13號3樓,林秀哲,"$1,660,201,240","166,020,124",24.7758001,120.9971998
3015,全漢,28,桃園市桃園區建國東路22號,姚文鈞,"$1,872,619,500","187,261,950",24.9858134,121.320584
3016,嘉晶,24,新竹市科學工業園區篤行一路10號,范桂榮,"$2,885,418,190","288,541,819",24.7729517,121.0236773
3017,奇鋐,25,高雄市前鎮區新生路248之27號,陳易成,"$3,907,127,570","390,712,757",22.5774721,120.3198794
3018,隆銘綠能,31,臺北市中山區明水路602號3樓,林欣怡,"$753,777,150","75,377,715",25.0815846,121.5518212
3019,亞光,26,台中市潭子區南二路22-3號,張士駿,"$2,792,439,010","279,243,901",24.2175289,120.7014436
3021,鴻名,28,台北市東興路59號6樓,黃小菁,"$948,900,000","94,890,000",25.0474544,121.5667523
3022,威強電,25,新北市汐止區中興路29號,魏諦斯,"$1,765,977,900","176,597,790",25.0615323,121.6349501
3023,信邦,28,苗栗市國華路582號,張集州,"$2,400,690,140","240,069,014",24.5752378,120.8179792
3024,憶聲,26,桃園市中壢區中園路198號,彭亭玉,"$2,771,574,960","277,157,496",24.9867598,121.2395253
3025,星通,27,新竹科學工業園區新安路八號七樓,蔡幸娟,"$567,364,400","56,736,440",24.7824514,120.9992821
3026,禾伸堂,28,台北市內湖區環山路二段六十二號一樓,黃建融,"$1,658,903,180","165,890,318",25.0850186,121.5746129
3027,盛達,27,新北市新店區中興路2段192號8樓,張淑梅,"$1,160,645,610","116,064,561",24.9730078,121.5484773
3028,增你強,29,台北市內湖區新湖二路250巷8號,周俊賢,"$2,372,411,930","237,241,193",25.0647719,121.5825318
3029,零壹,30,台北市內湖區內湖路一段360巷8號10樓,黃素娥,"$1,670,052,120","167,005,212",25.0807253,121.570248
3030,德律,31,台北市士林區德行西路45號7樓,林江淮,"$2,362,160,000","236,216,000",25.1061172,121.5231653
3031,佰鴻,26,新北市板橋區和平路19~25號3樓,廖心蓓,"$1,732,032,240","173,203,224",24.9949415,121.4596999
3032,偉訓,28,台南市安南區安和路二段54巷225號,李家慶,"$1,132,856,260","113,285,626",23.0352802,120.2169004
3033,威健,29,台北市內湖區內湖路一段308號11樓,周甘淋,"$4,802,811,650","480,281,165",25.0816487,121.5691596
3034,聯詠,24,新竹科學園區創新一路13號2樓,陳健興,"$6,085,114,690","608,511,469",24.7758001,120.9971998
3035,智原,24,新竹科學園區新竹市力行三路5號,曾雯如,"$2,605,503,130","260,550,313",24.7736807,121.0217039
3036,文曄,29,新北市中和區中正路738號14樓,林冠男,"$13,995,859,010","1,264,585,901",24.9981631,121.4854958
3037,欣興,28,桃園市龜山區山鶯路179號,鍾明峰,"$15,756,001,970","1,575,600,197",24.9816539,121.3305982
3038,全台,26,高雄市前鎮區中一路5號,謝文雄,"$1,574,076,030","157,407,603",22.6003157,120.2916682
3040,遠見,20,新北市板橋區文化路二段287號35樓,黃庭洋,"$630,000,000","63,000,000",25.0295469,121.4715318
3041,揚智,24,台北市內湖區內湖路一段246號6樓,連建欽,"$1,402,236,470","140,223,647",25.0820144,121.5660929
3042,晶技,28,台北市北投區中央南路二段十六號四樓,洪冠文,"$3,429,929,710","342,992,971",25.1242763,121.5002427
3043,科風,31,新北市中和區連城路246號9樓,張貴博,"$389,756,340","38,975,634",24.9964505,121.4886822
3044,健鼎,28,桃園市平鎮區平鎮工業區工業五路21號,林修立,"$5,256,058,980","525,605,898",24.9052549,121.1971231
3045,台灣大,27,台北市信義區菸廠路88號12樓,張家麒,"$37,232,618,110","3,723,261,811",25.0447628,121.5610757
3046,建碁,25,臺北市松山區民福里復興北路369號7樓之5,陳聿修,"$784,480,130","78,448,013",25.0626923,121.5447163
3047,訊舟,27,台北市內湖區新湖一路278號,潘良榮,"$2,244,976,080","224,497,608",25.0623766,121.582263
3048,益登,29,台北市內湖區基湖路10巷50號8樓,黃秀玲,"$2,698,297,940","269,829,794",25.0820512,121.5635418
3049,精金,26,南部科學園區台南市善化區北園一路7號,林忠翰,"$8,020,105,290","802,010,529",23.1232263,120.2663523
3050,鈺德,26,桃園市龜山區華亞二路222號,羅宜富,"$1,549,844,500","154,984,450",25.0463591,121.3743983
3051,力特,26,桃園市平鎮區平東路659巷37號,趙寄蓉,"$1,670,000,000","167,000,000",24.9081622,121.2420942
3052,夆典,14,新北市中和區新民街112號4樓,吳秀玲,"$2,332,457,710","233,245,771",25.0084962,121.4804698
3054,立萬利,2,台北巿內湖區潭美街537號9樓,張登茵,"$806,510,410","80,651,041",25.0613447,121.5998953
3055,蔚華科,29,新竹市水源街95號,倪嫈琪,"$1,149,749,180","114,974,918",24.8027796,120.9925461
3056,富華新,14,新竹縣竹北市福興路875號3樓,黃中信,"$4,805,550,510","480,555,051",24.8232263,121.0093736
3057,喬鼎,25,新竹科學園區工業東四路二十一號五樓,朱惠玲,"$603,257,290","60,325,729",24.7748364,121.0076331
3058,立德,28,新北市新店區寶橋路235巷138號8樓,陳永松,"$2,017,227,790","201,722,779",24.9836721,121.5524318
3059,華晶科,26,新竹市科學園區力行路12號,陳矢學,"$3,072,420,250","307,242,025",24.7706788,121.0261232
3060,銘異,25,桃園市龜山區萬壽路1段492-1號10樓之1,孫德文,"$1,375,631,900","137,563,190",24.9940662,121.3348176
3062,建漢,27,新竹科學園區新竹縣寶山鄉園區三路99號,許宗哲,"$3,301,360,180","330,136,018",24.7717488,121.0019874
3090,日電貿,28,新北市新店區中正路四維巷一弄四號一樓,廖麗淑,"$2,875,671,500","287,567,150",24.9849232,121.5342657
3092,鴻碩,28,台北市內湖區行愛路169號,魯憶萱,"$1,065,520,300","106,552,030",25.0652813,121.579521
3094,聯傑,24,新竹科學園區力行六路6號,楊春俊,"$831,170,890","83,117,089",24.7739123,121.0146132
3130,一零四,36,新北市新店區寶中路119-1號10樓,黃于純,"$331,907,000","33,190,700",24.9797758,121.5496216
3135,凌航,24,新北市中和區中原街101號10樓,林語宸,"$774,934,050","77,493,405",25.0105036,121.485955
3138,耀登,27,(334)桃園市八德區和平路772巷19號,溫文聖,"$503,080,630","50,308,063",24.9560176,121.3192229
3149,正達,26,36647苗栗縣銅鑼鄉中興工業區中興路99號,邱火生,"$2,262,336,040","226,233,604",24.4856082,120.8031073
3150,鈺寶-創,24,新竹市公道五路2段101號10樓之1,黃良駿,"$443,770,010","44,377,001",24.7982091,121.0064127
3164,景岳,22,台南科學工業園區台南市善化區南科七路八號,葉天佑,"$860,103,640","86,010,364",23.1110753,120.2771314
3167,大量,5,(334) 桃園市八德區豐田路68號,林德錚,"$883,901,720","88,390,172",24.9275505,121.2901009
3168,眾福科,26,(221)新北市汐止區新台五路一段93號30F,黃昭維,"$750,996,490","75,099,649",25.0617688,121.6479622
3189,景碩,24,桃園市新屋區中華路1245號,穆顯爵,"$4,569,466,600","456,946,660",24.9932688,121.1006517
3209,全科,29,台北市內湖區瑞光路360號9樓,謝宏昌,"$2,353,911,890","235,391,189",25.0772361,121.5722498
3229,晟鈦,28,新北市新莊區瓊林南路305巷2號,劉文禎,"$642,630,000","64,263,000",25.0060224,121.4342229
3231,緯創,25,新竹縣竹北市智慧路1號,石慶堂,"$31,804,122,500","3,180,412,250",24.8280916,121.0231462
3257,虹冠電,24,新竹科學工業園區新竹市東區園區二路11號5樓,林保偉,"$798,235,900","79,823,590",24.779494,120.9992601
3266,昇陽,14,台北市大安區忠孝東路四段289號12樓,魏岱霖,"$3,523,143,090","352,314,309",25.041701,121.554714
3296,勝德,28,新北市中和區中山路二段407號10樓,賴麗明,"$967,244,500","96,724,450",25.0046716,121.4859889
3305,昇貿,31,桃園市觀音區大潭北路665號,李弘偉,"$1,437,039,000","143,703,900",25.0309103,121.051866
3308,聯德,28,桃園市龜山區科技一路69號,鄧瑞玲,"$600,000,000","60,000,000",25.0523496,121.3755796
3311,閎暉,27,新北市淡水區奎柔山路73號,陳韋齡,"$1,000,000,000","100,000,000",25.2061749,121.4536416
3312,弘憶股,29,台北市內湖區行忠路57號2樓,柯登嘉,"$1,826,268,150","182,626,815",25.0656359,121.5774819
3321,同泰,28,台中市大甲區青年路123號,曾山一,"$861,137,690","86,113,769",24.4032373,120.6498988
3338,泰碩,28,(114)台北市內湖區瑞光路302號3樓,劉克平,"$879,081,410","87,908,141",25.07651,121.5742103
3346,麗清,12,新北市中和區中原街97號5樓,李鋆辰,"$1,212,283,520","121,228,352",25.0106135,121.4858576
3356,奇偶,26,台北市內湖區內湖路一段246號9樓,李建邦,"$799,416,720","79,941,672",25.0819388,121.5661258
3376,新日興,28,新北市樹林區俊英街一七四號,阮朝宗,"$1,957,638,220","195,763,822",25.0062427,121.4269778
3380,明泰,27,新竹科學園區新竹市力行七路8號,陳韶伶,"$5,417,184,600","541,718,460",24.774606,121.0131023
3406,玉晶光,26,台中市大雅區中部科學工業園區科雅東路一號,郭英理,"$1,127,430,630","112,743,063",24.2096567,120.6192971
3413,京鼎,24,(35053)新竹科學園區苗栗縣竹南鎮科中路16號,李貞誼,"$1,098,195,910","109,819,591",24.7127825,120.9151488
3416,融程電,25,新北市三重區中興南街18號,劉至原,"$804,321,350","80,432,135",25.045415,121.4701051
3419,譁裕,27,新竹市公道五路二段326號,曹付宜,"$1,204,804,170","120,480,417",24.8028721,120.9991991
3432,台端,28,新北市中和區中正路880號13樓,鄭佩琪,"$422,300,000","42,230,000",25.006514,121.4840537
3437,榮創,26,新竹縣湖口鄉新竹工業區工業五路13號,方榮熙,"$1,445,480,000","144,548,000",24.8582561,121.0158013
3443,創意,24,新竹科學工業園區新竹市力行六路十號,廖俊杰,"$1,340,119,110","134,011,911",24.7732028,121.014891
3447,展達,27,新北市三重區光復路二段69號22樓,李培然,"$774,491,200","77,449,120",25.056471,121.4726721
3450,聯鈞,24,新北市中和區橋安街35號10樓,陳士恩,"$1,456,813,820","145,681,382",25.0051563,121.492123
3454,晶睿,26,新北市中和區連城路192號6樓,謝邦彥,"$865,678,930","86,567,893",24.9969054,121.4923149
3481,群創,26,新竹科學園區苗栗縣竹南鎮科學路160號,洪進揚,"$79,891,973,370","7,989,197,337",24.7144266,120.9177638
3494,誠研,25,新北市新店區北新路三段207-2號7樓,邱垂健,"$948,000,000","94,800,000",24.9848767,121.5399642
3501,維熹,28,台北市內湖區新湖三路196號,游嘉德,"$1,182,579,270","118,257,927",25.0648313,121.5790312
3504,揚明光,26,新竹科學園區新安路7號,張雅容,"$1,140,597,850","114,059,785",24.7823375,120.9983462
3515,華擎,25,臺北市北投區中央南路二段37號2樓,陳健宏,"$1,235,465,690","123,546,569",25.123994,121.5003727
3518,柏騰,31,桃園市蘆竹區南山路一段108巷2號,劉明怡,"$1,026,622,300","102,662,230",25.0533789,121.2925957
3528,安馳,29,新北市汐止區新台五路一段75號21樓,林志峰,"$666,392,160","66,639,216",25.061104,121.645707
3530,晶相光,24,新竹市科學工業園區力行一路10-2號4樓,簡宏亨,"$774,759,000","77,475,900",24.7716283,121.0161916
3532,台勝科,24,台北市內湖區南京東路六段380號 (台塑企業內湖大樓A1棟8樓),邱紹勛,"$3,878,483,000","387,848,300",25.0601184,121.5882974
3533,嘉澤,28,基隆市安樂區武訓街15號,劉興夏,"$1,125,346,910","112,534,691",25.1431604,121.6984719
3535,晶彩科,26,新竹縣竹北市環北路二段197號,王子越,"$790,523,560","79,052,356",24.8485881,121.0159793
3543,州巧,26,(30351)新竹縣湖口鄉新竹工業區光復路42號,李逸淑,"$1,102,631,500","110,263,150",24.8638485,121.0196534
3545,敦泰,24,新竹縣竹北市環科一路23號11樓之1,張維杰,"$2,213,128,810","221,312,881",24.8063155,121.0463583
3550,聯穎,28,新北市中和區建八路16號4樓,蘇俊雄,"$1,075,500,000","107,550,000",24.9981343,121.486885
3557,嘉威,38,臺北市大安區信義路4段296號14樓之4,柯愛惠,"$843,154,350","84,315,435",25.0329744,121.5545027
3563,牧德,26,新竹科學園區工業東二路2之3號,蘇怡汎,"$639,608,580","63,960,858",24.7791781,121.0046343
3576,聯合再生,26,新竹科學工業園區新竹市力行三路7號,潘蕾蕾,"$16,277,953,750","1,627,795,375",24.7717059,121.0209398
3583,辛耘,24,台北市內湖區瑞光路208號11樓,沈淑&#30494;,"$803,312,600","80,331,260",25.0750835,121.5763333
3588,通嘉,24,新竹縣竹北市台元二街1號4F-1,余淑薇,"$620,141,820","62,014,182",24.8402418,121.020112
3591,艾笛森,26,新北市中和區橋和路17號17樓,許正典,"$1,454,824,350","145,482,435",25.0054113,121.4889643
3592,瑞鼎,24,(30078)新竹科學園區新竹市力行路23號2樓,林佩怡,"$758,552,260","75,855,226",24.761919,121.0202178
3593,力銘,28,高雄市左營區菜公一路62巷15號,黃文慶,"$608,254,490","60,825,449",22.678248,120.3164102
3596,智易,27,新竹市東區光復路二段8號8樓,黃仕緯,"$2,203,543,210","220,354,321",24.7913983,121.0047547
3605,宏致,28,桃園市中壢區過嶺路二段530-6號,扶大桂,"$1,623,530,860","162,353,086",24.9708405,121.1604342
3607,谷崧,28,桃園市中壢區中正路1274巷48號,許嘉宏,"$1,216,622,390","121,662,239",24.9742221,121.2015719
3617,碩天,31,台北市內湖區金莊路26號11樓,陳健中,"$941,660,490","94,166,049",25.062078,121.5877747
3622,洋華,26,桃園市觀音區觀音工業區經建一路31號,何逢有,"$1,513,276,000","151,327,600",25.057151,121.122479
3645,達邁,28,新竹縣新埔鎮文德路三段127號,陳岱村,"$1,367,542,070","136,754,207",24.8229298,121.0774242
3652,精聯,25,新北市新店區寶橋路235巷136號5樓,張嘉玲,"$750,975,000","75,097,500",24.983853,121.5523903
3653,健策,28,桃園市龜山區文化里19鄰科技一路40號,林錦隆,"$1,448,700,490","144,870,049",25.0521586,121.3766295
3661,世芯-KY,24,114 台北市內湖區文湖街12號9樓,王德善,"$813,046,480","81,304,648",25.0853712,121.56118
3665,貿聯-KY,31,23553新北市中和區建一路186號3樓,鄧劍華,"$1,949,699,050","194,969,905",24.9969135,121.4879158
3669,圓展,27,新北市土城區大安路157號8樓,邱德溥,"$929,199,500","92,919,950",24.9705792,121.4332249
3673,TPK-KY,26,台北市內湖區民權東路六段13之18號(訴訟及非訟代理人聯絡處),江朝瑞,"$4,066,637,590","406,663,759",25.0674197,121.579932
3679,新至陞,28,新北市新莊區化成路11巷36號,蔡建勝,"$630,222,290","63,022,229",25.0435426,121.4637298
3686,達能,24,新竹市東區慈雲路118號19樓之8,湯豐帆,"$764,951,180","76,495,118",24.7912458,121.01263
3694,海華,27,新北市新店區寶中路94號8樓,洪慶義,"$1,549,472,080","154,947,208",24.979716,121.549035
3701,大眾控,25,台北市內湖區陽光街300號1至9樓,羅安棣,"$2,365,266,120","236,526,612",25.0726614,121.5746879
3702,大聯大,29,臺北市南港區經貿二路189號22樓,袁興文,"$16,790,568,330","1,679,056,833",25.060474,121.6159866
3703,欣陸,14,臺北市大安區敦化南路二段九十五號,童雅靖,"$8,232,159,800","823,215,980",25.0270117,121.5489861
3704,合勤控,27,新竹市公道五路2段363號3樓,卜嘉慶,"$4,154,449,700","415,444,970",24.8030134,120.9969683
3705,永信,22,台北市松山區民權東路三段181號11樓,簡志維,"$2,664,229,830","266,422,983",25.0622236,121.5482724
3706,神達,25,桃園市龜山區文化二路202號,何繼武,"$13,272,124,680","1,327,212,468",25.0483569,121.3753921
3708,上緯投控,35,南投市東閔路588號,洪嘉敏,"$1,077,518,650","107,751,865",23.9179637,120.6775054
3711,日月光投控,24,高雄市楠梓區經三路26號,吳田玉,"$44,470,297,820","4,447,029,782",22.7204249,120.3068366
3712,永崴投控,25,新北市土城區中央路四段49號,林坤煌,"$2,462,421,460","246,242,146",24.9613514,121.4221357
3714,富采,26,新竹市東區自由路67號9樓之1,王少嵐,"$7,379,404,600","737,940,460",24.8129901,120.9806658
3715,定穎投控,28,桃園市蘆竹區民權路50號6樓,劉國瑾,"$2,835,745,840","283,574,584",25.0366556,121.2994878
3716,中化控股,22,台北市中正區襄陽路二十三號二樓,陳誼芬,"$1,497,656,140","149,765,614",25.044218,121.5218209
3717,聯嘉投控,12,台北市信義區松仁路89號2樓,吳俊德,"$2,078,454,450","207,845,445",25.0368743,121.5691754
4104,佳醫,22,新北市中和區中正路880號17樓,張明正,"$1,715,674,560","171,567,456",25.006514,121.4840537
4106,雃博,22,新北巿土城區民生街九號,李文德,"$1,009,115,570","100,911,557",24.961481,121.4138898
4108,懷特,22,台北市復興北路167號5樓之1,黃智圓,"$1,986,188,790","198,618,879",25.053975,121.5443208
4119,旭富,22,桃園市蘆竹區濱海里13鄰海湖北路309巷61號,楊文禎,"$1,195,086,340","119,508,634",25.1134922,121.263236
4133,亞諾法,22,台北市內湖區洲子街108號9樓,紀姵如,"$605,535,940","60,553,594",25.0804461,121.5696395
4137,麗豐-KY,22,台北市信義區松仁路107號10樓,葉建志,"$824,923,500","82,492,350",25.0355588,121.5694692
4142,國光生,22,427台中市潭子區潭興路一段3號,潘飛,"$4,295,077,500","429,507,750",24.2033558,120.7285905
4148,全宇生技-KY,22,台北市松山區復興北路181號7樓之4(訴訟及非訟代理人聯絡處),石景薇,"$672,357,010","67,235,701",25.0547562,121.5443244
4155,訊映,22,300新竹市公道五路二段91號,侯奇政,"$1,448,141,640","144,814,164",24.7982115,121.0068984
4164,承業醫,22,台北市內湖區行愛路88號,李明倫,"$1,953,109,890","195,310,989",25.0626514,121.5807471
4190,佐登-KY,22,"Oleander Way, 802 West Bay Road, P.O.Box 32052, Grand Cayman",陳佳琦,"$616,688,120","61,668,812",19.3289301,-81.3805826
4306,炎洲,3,臺北市內湖區行善路397號7樓,張詠傑,"$6,767,572,160","676,757,216",25.0644939,121.5860961
4414,如興,4,台北市松山區復興北路57號13樓之4,許益瑞,"$2,637,957,730","263,795,773",25.0503557,121.5442119
4426,利勤,4,雲林縣斗六市斗工十二路5號,簡瑋倫,"$1,726,771,980","172,677,198",23.7116158,120.5956631
4438,廣越,4,台北市內湖區瑞光路607號6樓,彭昶惟,"$1,134,254,550","113,425,455",25.080259,121.566814
4439,冠星-KY,4,臺北市中山區南京東路2段178號7樓(台灣分公司),林經偉,"$380,992,910","38,099,291",25.051898,121.5281835
4440,宜新實業,4,台北巿內湖區瑞光路268號11樓,陳淑慧,"$675,980,000","67,598,000",25.0755607,121.5754825
4441,振大環球,4,台北市松山區復興北路73 號4 樓,李哲宇,"$681,755,780","68,175,578",25.0510882,121.5443585
4526,東台,5,高雄市路竹區路科三路三號,嚴璐,"$2,548,264,610","254,826,461",22.8346457,120.260239
4532,瑞智,5,桃園市觀音區成功路二段943號,柯志成,"$5,048,951,050","504,895,105",25.042451,121.1058034
4536,拓凱,37,(421)臺中市后里區廣福里星科路18號,鄒國泰,"$908,200,000","90,820,000",24.288682,120.7279761
4540,全球傳動,5,新北市樹林區三多路123號,江文隆,"$1,130,766,510","113,076,651",25.008332,121.4136401
4545,銘鈺,28,桃園市觀音區國瑞路2號,蕭佳伶,"$770,000,000","77,000,000",25.0592478,121.1115825
4551,智伸科,12,新北市汐止區新台五路一段102號16樓,林慈青,"$1,152,224,980","115,222,498",25.0604157,121.648545
4552,力達-KY,5,台北市大安區忠孝東路四段270號17樓,陳乙平,"$1,160,000,000","116,000,000",25.0411335,121.5548213
4555,氣立,5,新北市泰山區貴鳳街21 號,蘇志安,"$699,876,530","69,987,653",25.031094,121.422233
4557,永新-KY,12,嘉義市吳鳳北路381號5樓,張原智,"$479,718,400","47,971,840",23.484184,120.4521609
4560,強信-KY,5,桃園市龜山區建國東路89號,綦秉信,"$680,972,400","68,097,240",24.9874049,121.324844
4562,穎漢,5,台南市安南區科技一路50號,黃國章,"$875,460,000","87,546,000",23.0362245,120.1464244
4564,元翎,5,雲林縣虎尾鎮科虎三路18號,莊惠萍,"$2,327,883,030","232,788,303",23.7357829,120.395916
4566,時碩工業,5,新北市汐止區新台五路一段94號15樓,林宜正,"$1,099,547,420","109,954,742",25.0606309,121.6489426
4569,六方科-KY,12,臺北市信義區基隆路2段189號4樓之2,王威能,"$306,000,000","30,600,000",25.0248595,121.5534157
4571,鈞興-KY,5,台北市大安區信義路三段106號4樓之3,張朝文,"$530,171,150","53,017,115",25.0332918,121.5383471
4572,駐龍,5,高雄市仁武區八德二路166號,李汶育,"$400,000,000","40,000,000",22.7009478,120.3261757
4576,大銀微系統,5,台中市南屯區春社里精科中路6號,蔡弘毅,"$1,198,018,480","119,801,848",24.145269,120.600102
4581,光隆精密-KY,12,台中市大雅區雅潭路三段470號,邱柏凱,"$338,990,000","33,899,000",24.2159407,120.6713732
4583,台灣精銳,5,台中市西屯區科園三路 10 號,郭崇哲,"$801,713,510","80,171,351",24.2040967,120.6034033
4585,達明,31,桃園市龜山區華亞二路58-2號5樓,王偉霖,"$1,028,000,000","102,800,000",25.0501645,121.3766303
4588,玖鼎電力,31,新竹科學園區新竹縣寶山鄉工業東九路3-2號4樓,曾文良,"$429,850,000","42,985,000",24.7721151,121.008586
4590,富田-創,5,苗栗縣銅鑼鄉銅科六路6號,林宗達,"$548,384,000","54,838,400",24.4481942,120.792458
4720,德淵,21,新北市五股區五權六路9號,高志文,"$1,145,160,370","114,516,037",25.0645154,121.449329
4722,國精化,21,高雄市永安區維新里永工五路2號,何印唐,"$1,018,511,590","101,851,159",22.80944,120.2537405
4736,泰博,22,新北市五股區五工二路127號6樓,陳朝旺,"$953,744,690","95,374,469",25.0712929,121.453414
4737,華廣,22,台中市南區大慶街二段100號,黃椿木,"$672,726,530","67,272,653",24.1177809,120.6495162
4739,康普,21,新竹縣湖口鄉文化路11號,陸柏儒,"$1,186,492,690","118,649,269",24.8660068,121.0117157
4746,台耀,22,桃園市蘆竹區坑口里和平街36號,羅玉貞,"$1,202,559,630","120,255,963",25.0927793,121.2770017
4755,三福化,21,(10405)台北市中山北路二段21號5樓,羅主誠,"$1,007,060,000","100,706,000",25.0529832,121.5228594
4763,材料*-KY,21,台北市信義區光復南路419巷18號6樓,陳界瑞,"$989,146,670","989,146,670",25.0364266,121.5583326
4764,雙鍵,21,新北市中和區中正路959號4樓,陳仲平,"$855,420,620","85,542,062",25.0071081,121.4830304
4766,南寶,21,台南市西港區中山路519號,孫宇平,"$1,205,707,800","120,570,780",23.1323278,120.1996108
4770,上品,21,彰化縣線西鄉線工南二路20號,李遠忠,"$799,760,000","79,976,000",24.1345865,120.4335004
4771,望隼,22,苗栗縣竹南鎮公義里友義路66號3樓,李幸娟,"$585,277,000","58,527,700",24.7231588,120.909322
4807,日成-KY,18,"The Grand Pavilion Commercial Centre, Oleander Way, 802 West",林如茵,"$383,960,320","38,396,032",,
4904,遠傳,27,台北市瑞光路468號5樓,賴晴風,"$36,070,253,570","3,607,025,357",25.078345,121.569943
4906,正文,27,新竹縣湖口鄉新竹工業區中華路15-1號,楊正任,"$4,275,941,110","427,594,111",24.8717938,121.0093942
4912,聯德控股-KY,28,台北市南港區園區街3號12樓之3,陳玉軒(代),"$670,930,990","67,093,099",25.0581285,121.6122269
4915,致伸,28,台北市內湖區瑞光路669號,蕭英怡,"$4,711,428,240","471,142,824",25.0810025,121.5656094
4916,事欣科,25,桃園市中壢區領航南路三段188號15樓,吳秀碧,"$1,232,110,820","123,211,082",25.0098561,121.2199584
4919,新唐,24,新竹科學園區研新三路4號,賴秀芬,"$4,197,652,680","419,765,268",24.7790114,120.990678
4927,泰鼎-KY,28,台北市松山區敦化北路205號5樓503室,吳森田,"$2,649,379,880","264,937,988",25.0574842,121.5497319
4930,燦星網,6,台北市內湖區堤頂大道一段333號6樓,暫缺,"$800,000,000","80,000,000",25.0631512,121.5733432
4934,太極,26,桃園市中壢區自強一路5號,陳怡光,"$2,250,000,000","225,000,000",24.970768,121.2435461
4935,茂林-KY,26,桃園市中壢區民權路三段1149號,蔡宗霖,"$1,288,640,910","128,864,091",24.9913584,121.2091089
4938,和碩,25,台北市北投區立功街76號5樓,謝如蕙,"$26,822,001,030","2,682,200,103",25.1251554,121.4696439
4942,嘉彰,26,桃園市蘆竹區南山路二段205巷45號,鄭力銓,"$1,423,676,130","142,367,613",25.0618527,121.2853014
4943,康控-KY,28,23674新北市土城區承天路35號2樓,戴暐倫,"$1,266,943,530","126,694,353",24.9648893,121.4375982
4949,有成精密,26,新竹市公道五路二段180 號4樓,徐龍耀,"$674,326,430","67,432,643",24.800212,121.0040659
4952,凌通,24,新竹市科學園區工業東四路19號,劉淑勤,"$1,088,158,160","108,815,816",24.7748707,121.0086467
4956,光鋐,26,台南市新市區看西路7號,許明森,"$1,004,082,360","100,408,236",23.0929397,120.2622692
4958,臻鼎-KY,28,桃園市大園區三石里三和路28巷6號,凌惇,"$10,705,658,980","1,070,565,898",25.0720571,121.2564242
4960,誠美材,26,74148台南市善化區木柵港西路13號,楊朝智,"$5,717,053,880","571,705,388",23.105012,120.2576604
4961,天鈺,24,(30078)新竹科學園區新竹市篤行路6-8號3樓,陳志豪,"$1,212,536,030","121,253,603",24.7702645,121.022815
4967,十銓,24,(235)新北巿中和區建一路166號3樓,夏紹安,"$849,632,880","84,963,288",24.9977805,121.4877378
4968,立積,24,台北市114內湖區堤頂大道二段407巷20弄1號3樓,鄧維康,"$922,098,980","92,209,898",25.081076,121.563425
4976,佳凌,26,台中市潭子區建國路24號,柯卉蓁,"$1,413,510,000","141,351,000",24.2189573,120.6992803
4977,眾達-KY,27,"4F.,Harbour Place,103 S Church St.,PO Box 10240,Grand Cayman",莊敏男,"$801,898,410","80,189,841",19.2928749,-81.3851167
4989,榮科,28,台北市松山區八德路四段83號5樓,劉家和,"$1,377,765,000","137,776,500",25.0485917,121.5603404
4994,傳奇,30,台北市信義區市民大道六段288號7樓,周秋美,"$663,834,000","66,383,400",25.0492213,121.5792941
4999,鑫禾,28,(221)新北市汐止區康寧街169巷27-1號,黃銘鋒,"$744,172,000","74,417,200",25.0686516,121.622356
5007,三星,10,台南市歸仁區南興里中山路三段355-6號1F,許春宵,"$2,949,401,540","294,940,154",22.9672434,120.2788108
5203,訊連,30,新北市新店區民權路100號15樓,蔡明鋒,"$791,825,500","79,182,550",24.9830424,121.5361445
5215,科嘉-KY,25,新北市中和區連城路168號8樓,林志峰,"$643,375,000","64,337,500",24.9974921,121.4935361
5222,全訊,24,74145南部科學園區台南市新市區大順七路90號,盧豐智,"$909,469,680","90,946,968",23.1049063,120.2874498
5225,東科-KY,31,"P.O.Box 32052, Grand  Cayman KY1-1208, Cayman Islands",張柏照,"$791,144,990","79,114,499",19.3221698,-81.2408689
5234,達興材料,26,臺中市西屯區科園一路15號,郭宗鑫,"$1,027,159,110","102,715,911",24.204932,120.607608
5243,乙盛-KY,26,新北市土城區中央路四段2號12樓之3,林猷清,"$1,685,289,150","168,528,915",24.9634567,121.4257795
5244,弘凱,26,桃園市桃園區汴洲里春日路1492之1號7樓,曾智宏,"$682,418,990","68,241,899",25.0296667,121.3049783
5258,虹堡,25,(23143)新北市新店區北新路3段207-5號6樓,黃佳華,"$1,103,648,940","110,364,894",24.9847433,121.5399965
5269,祥碩,24,新北市新店區民權路115號6樓,林哲偉,"$747,771,290","74,777,129",24.9827103,121.5361262
5283,禾聯碩,6,(333001)桃園市龜山區樂善里文禾路289號9樓,雷鎵駿,"$876,005,100","87,600,510",25.051865,121.3905197
5284,jpp-KY,20,台北市中山區松江路152號11樓1112室,鍾國圳,"$528,926,830","52,892,683",25.0542066,121.5328637
5285,界霖,24,高雄市楠梓區中央路58號,吳念誼,"$1,020,409,260","102,040,926",22.7246168,120.3034723
5288,豐祥-KY,5,新北市新莊區新樹路315巷10號,高宏鎰,"$697,300,220","69,730,022",25.0190442,121.4346159
5292,華懋,35,桃園市中壢區中山路88號17樓,李賴明祝,"$421,080,000","42,108,000",24.9554285,121.2264626
5306,桂盟,37,台南市永康區中華路425號8F-5,陳泳仁,"$1,260,007,720","126,000,772",23.0100252,120.2326868
5388,中磊,27,台北市南港區園區街3-1號8樓,陳正弘,"$3,043,425,420","304,342,542",25.0575543,121.6119974
5434,崇越,29,臺北市內湖區洲子街176號6樓,黃玉真,"$1,913,426,640","191,342,664",25.0813668,121.5671589
5469,瀚宇博,28,桃園市觀音區樹林里工業四路9號,簡佩琪,"$4,861,660,000","486,166,000",25.0571049,121.1194323
5471,松翰,24,新竹縣竹北市台元街36號10樓之1,潘銘鍠,"$1,678,770,620","167,877,062",24.8425664,121.0173108
5484,慧友,26,新北市新店區寶橋路235巷133號7樓之一,許至瑋,"$668,010,000","66,801,000",24.9840215,121.5518787
5515,建國,14,台北市敦化南路二段67號20樓,孔思嘉,"$2,016,000,840","201,600,084",25.0307925,121.5493622
5519,隆大,14,高雄市前鎮區民權二路380號18樓之1,陳又齊,"$2,191,971,800","219,197,180",22.6107977,120.3139171
5521,工信,14,台北市市民大道四段102號8樓,李桂潀,"$4,922,801,550","492,280,155",25.044463,121.5499789
5522,遠雄,14,台北市信義區基隆路一段200號16樓,謝清林,"$7,815,962,410","781,596,241",25.0402836,121.5634907
5525,順天,14,台中市文心路二段201號3樓,林丙申,"$3,181,053,780","318,105,378",24.1597314,120.647302
5531,鄉林,14,台中市西區台灣大道二段408號,洪勝義,"$10,775,892,450","977,589,245",24.1554162,120.6641398
5533,皇鼎,14,台北市敦化南路一段294號3樓,曹羅方,"$2,852,449,440","285,244,944",25.0361483,121.5483023
5534,長虹,14,台北市北平東路30號11樓,陳茂慶,"$2,903,259,600","290,325,960",25.0455187,121.5267942
5538,東明-KY,10,高雄市岡山區中山北路140號15樓(訴訟及非訟代理人聯絡處),柯文玲,"$2,012,033,330","201,203,333",22.7971777,120.2985587
5546,永固-KY,14,台北市松山區復興北路99號15樓,簡國釧,"$823,534,020","82,353,402",25.0526544,121.5445375
5607,遠雄港,15,台北市信義區基隆路1段200號23樓之1,許厥偉,"$3,705,529,130","370,552,913",25.0419415,121.5653136
5608,四維航,15,台北市105松山區復興北路167號16樓,許綱倫,"$3,892,716,140","389,271,614",25.053975,121.5443208
5706,鳳凰,16,台北市長安東路一段25號4樓,卞傑民,"$849,109,200","84,910,920",25.0494729,121.5239533
5871,中租-KY,20,台北市內湖區瑞光路362號(訴訟及非訟代理人聯絡處),廖英智,"$18,614,211,610","1,711,421,161",25.0772498,121.5723666
5876,上海商銀,17,台北市中山區民權東路一段2號,呂紹宇,"$48,616,031,400","4,861,603,140",25.0624973,121.5230842
5880,合庫金,17,"臺北市松山區長安東路二段225號17樓,19樓",陳幼婉,"$157,000,000,000","15,680,936,914",25.0483677,121.5453973
5906,台南-KY,18,台南市東區東門路二段297號1樓,黃鋕沅,"$357,414,120","35,741,412",22.9835817,120.2267034
5907,大洋-KY,18,台北市大安區復興南路二段237號14樓(訴訟及非訴訟代理人聯絡處),張進國,"$1,955,310,000","195,531,000",25.0258844,121.5435746
6005,群益證,17,台北市民生東路三段156號14樓之3,周賢陽,"$21,709,080,970","2,170,908,097",25.0573596,121.5477531
6024,群益期,17,台北市大安區敦化南路2段97號地下1樓,毛振華,"$2,499,375,840","249,937,584",25.0288504,121.5494477
6108,競國,28,新北巿樹林區俊英街84巷6號,蔡政宏,"$1,569,943,110","156,994,311",25.0055645,121.4298286
6112,邁達特,30,台北市114內湖路一段516號10樓,林弘香,"$1,883,573,360","188,357,336",25.0802305,121.5738804
6115,鎰勝,28,桃園市龜山區大華里頂湖路50號,高事榮,"$1,876,621,540","187,662,154",25.0409975,121.3631545
6116,彩晶,26,台北市內湖區行善路168巷15號4樓,邱博興,"$28,586,548,510","2,858,654,851",25.0589011,121.5787872
6117,迎廣,25,桃園市龜山區南上路350巷57號,康博興,"$925,429,690","92,542,969",25.04316,121.303628
6120,達運,26,新竹縣湖口鄉光復北路20-1號,荊國泰,"$5,989,996,020","598,999,602",24.8750744,121.0314507
6128,上福,25,台中市梧棲區自強路50號,黃懷德,"$1,275,887,400","127,588,740",24.2349206,120.5283684
6133,金橋,28,新北市深坑區北深路三段270巷6號3樓,邱建明,"$1,170,062,940","117,006,294",25.0050819,121.598445
6136,富爾特,27,新北市新店區寶強路6-3號5樓,鄭正川,"$1,155,364,120","115,536,412",24.9781959,121.543864
6139,亞翔,31,新北市汐止區大同路一段175號14樓,蔣曉麟,"$2,353,295,470","235,329,547",25.0573694,121.6328575
6141,柏承,28,台北市大安區基隆路二段112號12樓,張美齡,"$1,133,540,050","113,354,005",25.0291888,121.5570036
6142,友勁,27,台北市內湖區新湖三路275號2F,鄭吉智,"$3,307,792,150","330,779,215",25.065912,121.582648
6152,百一,27,桃園市中壢區自強一路3號,陳衍史,"$1,677,384,630","167,738,463",24.969487,121.2442681
6153,嘉聯益,28,新北市樹林區博愛街248號,傅賢基,"$6,361,776,940","636,177,694",24.9850038,121.4233061
6155,鈞寶,28,桃園市平鎮區南豐路269號,蔡裕江,"$880,239,880","88,023,988",24.8997171,121.1997649
6164,華興,26,新北市新店區中正路542-5號5樓,倪志誠,"$800,000,000","80,000,000",24.9853306,121.5337444
6165,浪凡,36,臺北市士林區中山北路五段506號4樓,王亦衡,"$777,526,230","77,752,623",25.0928962,121.5282738
6166,凌華,25,桃園市龜山區華亞一路66號,陳淑芬,"$2,175,952,570","217,595,257",25.0406772,121.3727904
6168,宏齊,26,新竹市中華路五段522巷18號,蘇育慧,"$2,060,698,010","206,069,801",24.7736214,120.9171364
6176,瑞儀,26,高雄市前鎮區中六路一號,黃涼,"$4,650,272,630","465,027,263",22.5994751,120.2906511
6177,達麗,14,台北市中山區建國北路一段96號10樓,廖政雄,"$4,718,784,110","471,878,411",25.0503603,121.5362909
6183,關貿,30,台北市南港區三重路19-13號6樓,陳雪桃,"$1,500,000,000","150,000,000",25.0586417,121.6134958
6184,大豐電,20,新北市土城區中華路二段207號5樓,劉家君,"$1,582,306,570","158,230,657",24.9736439,121.4381488
6189,豐藝,29,臺北市內湖區環山路一段32號4樓,杜懷琪,"$2,637,796,570","263,779,657",25.0855908,121.5649175
6191,精成科,28,新北市新店區民權路48-3號4樓,楊建輝,"$4,993,030,000","499,303,000",24.983076,121.5395117
6192,巨路,31,台北市南港區園區街3之1號12樓,周行,"$961,557,700","96,155,770",25.0566092,121.6118472
6196,帆宣,31,台北市南港區園區街3-2號6樓,林育業,"$2,185,935,430","218,593,543",25.0585014,121.6119791
6197,佳必琪,28,新北市中和區建一路176號9樓,易瑋鈴,"$1,220,858,820","122,085,882",24.9972688,121.4879389
6201,亞弘電,31,台南市安定區中沙里沙崙35號,許瑞&#23791;,"$892,000,000","89,200,000",23.0755393,120.2077663
6202,盛群,24,新竹科學園區新竹市研新二路3號,潘建州,"$2,303,882,000","230,388,200",24.7765418,120.9894875
6205,詮欣,28,新北市汐止區大同路三段188號7樓,徐瑋莉,"$822,359,070","82,235,907",25.07391,121.674551
6206,飛捷,25,台北市內湖區行愛路168號,徐嘉宏,"$1,430,623,240","143,062,324",25.0645411,121.5794095
6209,今國光,26,台中市梧棲區向上路九段562巷91號,林炳鏻,"$1,751,991,210","175,199,121",24.2279395,120.5163071
6213,聯茂,28,新竹縣新埔鎮內立里大魯閣路17號,蔡馨(日彗),"$3,634,172,180","363,417,218",24.813579,121.0880161
6214,精誠,30,台北市內湖區瑞光路318號,鍾志&#32675;,"$2,722,430,660","272,243,066",25.0766335,121.5735207
6215,和椿,31,台北市內湖區洲子街60號1樓,朱鋑隆,"$827,896,930","82,789,693",25.079351,121.5724933
6216,居易,27,新竹縣湖口鄉新竹工業區復興路26號,文長中,"$969,813,870","96,981,387",24.8690521,121.0053355
6224,聚鼎,28,新竹科學園區工業東四路24之1號,侯全興,"$856,453,610","85,645,361",24.7758873,121.0061479
6225,天瀚,26,臺北市松山區中正里長安東路2段215號9樓之一,鄭又晉,"$278,000,000","27,800,000",25.0483776,121.5274187
6226,光鼎,26,新北市中和區建康路8號11樓,馬明珺,"$1,155,347,890","115,534,789",24.9997697,121.4864483
6230,尼得科超眾,25,新北市三重區中興北街184-3號,澄川洋平,"$863,433,960","86,343,396",25.0582511,121.4687827
6235,華孚,25,台北市南港區南港路一段209號6樓,甘錦添,"$1,999,063,060","199,906,306",25.0546626,121.6114872
6239,力成,24,新竹縣湖口鄉新竹工業區大同路10號,沈俊宏,"$7,591,466,340","759,146,634",24.8693044,120.9983556
6243,迅杰,24,新竹科學工業園區新竹市力行路21號4樓,詹筱秦,"$452,688,410","45,268,841",24.7630638,121.0232136
6257,矽格,24,新竹縣竹東鎮北興路1段436號,陳祺昌,"$4,839,123,250","483,912,325",24.7333375,121.0990736
6269,台郡,28,高雄市大寮區和發產業園區上發五路1號,熊雅士,"$3,231,314,810","323,131,481",22.6054605,120.4291599
6271,同欣電,24,桃園市八德區和平路1125巷88號,呂紹萍,"$2,090,580,240","209,058,024",24.9650638,121.321079
6272,驊陞,28,(221)新北市汐止區大同路一段237號15樓之1,陳正煌,"$817,639,480","81,763,948",25.0587339,121.634344
6277,宏正,25,新北市汐止區大同路二段125號3樓,田慶威,"$1,194,711,660","119,471,166",25.0639687,121.6504901
6278,台表科,26,桃園市桃園區大樹里桃鶯路437號,王嘉真,"$2,923,983,530","292,398,353",24.9789863,121.3216993
6281,全國電,29,新北市五股區五工六路55號,林奕君,"$991,729,450","99,172,945",25.0685965,121.4461253
6282,康舒,28,臺北市北投區中央南路2段18號,薛惠文,"$8,560,291,250","856,029,125",25.1262468,121.5000923
6283,淳安,31,台北市內湖區新湖二路146巷19號2樓,蔣凱如,"$1,489,813,430","148,981,343",25.0631734,121.5791152
6285,啟碁,27,新竹科學園區園區二路20號,宋芬瓊,"$4,840,206,290","484,020,629",24.7784526,120.9992969
6405,悅城,26,桃園市中壢區北園路18號,陳春夏,"$658,000,000","65,800,000",24.9785364,121.2434106
6409,旭隼,31,11494台北市內湖區新湖一路406號,王介民,"$877,035,660","87,703,566",25.0645033,121.5841355
6412,群電,28,新北市三重區光復路二段 69 號30樓,陳學毅,"$4,007,691,260","400,769,126",25.056471,121.4726721
6414,樺漢,25,(235)新北市中和區建康路10號3至6樓,莊宗憲,"$1,375,402,520","137,540,252",24.9997878,121.4864545
6415,矽力*-KY,24,新北市中和區板南路653號10樓,梁翠嫚,"$971,647,767","388,659,107",25.007814,121.484059
6416,瑞祺電通,27,新北市新莊區建國一路308號12樓,陳衍詳,"$733,484,600","73,348,460",25.0246878,121.4348235
6426,統新,27,台南市新市區南科三路7號4樓,李英坤,"$385,090,000","38,509,000",23.098859,120.2841499
6431,光麗-KY,22,臺北市中山區南京東路3段1號5樓,王翔遠,"$973,988,350","97,398,835",25.0523713,121.5281453
6438,迅得,31,桃園市中壢區榮民路421號,黃發保,"$822,063,250","82,206,325",24.9606214,121.261396
6442,光聖,27,新北市淡水區中正東路二段27-8號13樓,莊國安,"$780,732,880","78,073,288",25.1565829,121.4595526
6443,元晶,26,新北市新店區北新路3段225號8樓,江郅豪,"$5,386,914,660","512,796,730",24.9862723,121.5396748
6446,藥華藥,22,台北市南港區園區街3號13樓,林國鐘,"$3,796,293,700","379,629,370",25.0584861,121.6118825
6449,鈺邦,28,苗栗縣竹南鎮科東三路2、6號4樓,李佩玲,"$919,185,140","91,918,514",24.7067533,120.9198142
6451,訊芯-KY,24,台北市信義區光復南路495號11樓之5,王耀偉,"$1,074,648,000","107,464,800",25.032316,121.5582738
6456,GIS-KY,26,苗栗縣竹南鎮科中路12號8樓(訴訟及非訟代理人聯絡處),林原平,"$3,379,398,000","337,939,800",24.7097132,120.9154734
6464,台數科,20,台中市西屯區文心路二段201號6樓之6,廖紫岑,"$1,287,815,320","128,781,532",24.1597498,120.6469295
6472,保瑞,22,台北市內湖區瑞光路26巷36弄2號6樓,王錦菊,"$1,273,636,330","127,363,633",25.0689612,121.5822221
6477,安集,26,台南市安南區科技五路19號,林婉玲,"$1,237,871,960","123,787,196",23.0470203,120.1440223
6491,晶碩,22,桃園市龜山區興業街5號2樓之1,王景祥,"$780,000,000","78,000,000",24.9880325,121.3278367
6504,南六,20,高雄市燕巢區角宿里四林路699號,許長成,"$726,000,000","72,600,000",22.7830294,120.3445753
6505,台塑化,23,台北市內湖區南京東路六段380號(A2棟)4樓,林克彥,"$95,259,596,520","9,525,959,652",25.0592891,121.5868956
6515,穎崴,24,高雄市楠梓區創意南路68號,陳紹焜,"$360,416,420","36,041,642",22.712931,120.3008558
6525,捷敏-KY,24,新北市中和區橋安街35號10樓,王瑞萍,"$1,290,473,840","129,047,384",25.0051563,121.492123
6526,達發,24,新竹縣竹北市台元二街12號14樓之1,謝孟翰,"$1,675,055,540","167,505,554",24.8406802,121.0165574
6531,愛普*,24,新竹縣竹北市台元一街一號10樓之一,林郁昕,"$813,313,855","162,662,771",24.8416648,121.0183145
6533,晶心科,24,新竹科學園區新竹市力行一路1號3樓A1-4,李耿民,"$506,509,110","50,650,911",24.7737497,121.0160503
6534,正瀚-創,22,南投縣南投市內興里文獻路89號,羅心君,"$1,028,000,000","102,800,000",23.9336191,120.6977181
6541,泰福-KY,22,"P.O. Box 31119, Grand Pavilion, 802 West Bay Rd., KY1-1205",Stephen Lam,"$2,649,563,670","264,956,367",19.3292856,-81.3808321
6550,北極星藥業-KY,22,"P.O. Box 309, Ugland House,Grand Cayman, KY1-1104, Cayman",張婉妤,"$8,598,926,880","859,892,688",19.2924396,-81.3857791
6552,易華電,24,高雄市楠梓區新開發路8號,黃梅雪,"$830,000,000","83,000,000",22.7239797,120.3101778
6558,興能高,31,新竹科學園區新竹市展業一路9號6樓之一、之三,謝祥豪,"$937,888,750","93,788,875",24.7837165,121.0015086
6573,虹揚-KY,24,新北市新店區北新路三段207-5號4樓,程御峰,"$804,993,450","80,499,345",24.9847808,121.5399319
6579,研揚,25,新北市新店區寶橋路235巷135號5樓,杜昀真,"$1,694,512,210","169,451,221",24.9841347,121.5518431
6581,鋼聯,35,彰化縣伸港鄉彰濱工業區線工北一路36號,林琨傑,"$1,112,708,870","111,270,887",24.1546964,120.4511486
6582,申豐,11,屏東縣枋寮鄉太源村中山路三段55號,曾建稄,"$1,061,741,410","106,174,141",22.4063662,120.5872875
6585,鼎基,20,高雄市小港區北林路8-1號,林庚賢,"$721,335,870","72,133,587",22.5566756,120.3711413
6589,台康生技,22,新北市汐止區康寧街169巷101號,劉理成,"$3,066,002,110","306,600,211",25.0700474,121.6227339
6591,動力-KY,25,新北市中和區建一路166號9樓、9樓之一,姚成旻,"$411,224,650","41,122,465",24.9977805,121.4877378
6592,和潤企業,20,台北市內湖區瑞光路605號10樓,楊鎧榮,"$7,231,504,930","623,150,493",25.0801703,121.5669653
6598,ABC-KY,22,台北市內湖區行忠路28巷1號6樓,何重人,"$1,028,110,610","102,811,061",25.0650441,121.5777819
6605,帝寶,12,彰化縣鹿港鎮頭南里南勢巷20-3號,呂理豐,"$1,658,163,970","165,816,397",24.0876521,120.461535
6606,建德工業,5,雲林縣斗六市斗工九路17號,黃盈璇,"$1,103,037,830","110,303,783",23.7141789,120.5987873
6614,資拓宏宇,36,新北市板橋區縣民大道二段7號6樓,王芝和,"$806,605,210","80,660,521",25.0144361,121.4638619
6625,必應,20,臺北市內湖區新湖一路370號3樓,張瑞娟,"$579,724,880","57,972,488",25.0631453,121.5835521
6641,基士德-KY,35,"高雄市鼓山區民利街15,17,19號(台灣分公司)",陳世賢,"$365,000,000","36,500,000",22.6618444,120.2949577
6645,金萬林-創,22,新北市汐止區新台五路一段97號30樓,楊文明,"$608,640,500","60,864,050",25.0623658,121.649923
6655,科定,20,新北市新莊區福慧路268號15樓,林美妏,"$805,718,170","80,571,817",25.0620793,121.454234
6657,華安,22,台北市瑞光路583巷21號6樓之3,江銘燦,"$888,080,000","88,808,000",25.0806552,121.5677563
6658,聯策,31,桃園市中壢區新生路三段255巷168號,陳識翔,"$363,700,000","36,370,000",24.9931325,121.2186411
6666,羅麗芬-KY,22,新北市中和區圓通路301號生醫科技大樓15樓,王志富,"$473,880,000","47,388,000",24.9908276,121.4940905
6668,中揚光,26,台中市南屯區工業區二十二路21號,李榮洲,"$1,071,160,870","107,116,087",24.1596675,120.6060326
6669,緯穎,25,新北市汐止區新台五路一段90號8樓,陳昌偉,"$1,858,407,910","185,840,791",25.0611607,121.6487728
6670,復盛應用,37,台北市中山區南京東路二段172號3樓,許廷儀,"$1,393,869,730","139,386,973",25.0518002,121.5344903
6671,三能-KY,38,臺中市大里區工業八路58號,蕭凱峰,"$607,500,000","60,750,000",24.0975914,120.7165714
6672,騰輝電子-KY,28,桃園市平鎮區湧豐里工業五路10號,杜喬葦,"$714,347,450","71,434,745",24.9032096,121.1979008
6674,鋐寶科技,27,新竹縣竹北市台元一街1號13樓之一,何振宇,"$686,976,590","68,697,659",24.8405505,121.0192915
6689,伊雲谷,36,新北市三重區三和路四段111之32號7樓,林儀,"$680,000,000","68,000,000",25.0774864,121.4856
6691,洋基工程,31,新北市林口區文化二路一段266號18樓之3,程志豪,"$1,214,872,090","121,487,209",25.0740772,121.3718237
6695,芯鼎,24,新竹科學園區新竹縣創新一路19-1號,李長龍,"$964,596,500","96,459,650",24.7783058,120.9947633
6698,旭暉應材,31,台南市安南區工業一路36號,黃信貿,"$663,897,530","66,389,753",23.0436048,120.1518703
6706,惠特,26,台中市西屯區工業區35路3號,許景翔,"$785,488,650","78,548,865",24.1694433,120.5913678
6715,嘉基,28,新北市中和區建一路166號12樓,涂志翔,"$663,645,050","66,364,505",24.9977805,121.4877378
6719,力智,24,新竹縣竹北市台元一街5號9樓,邱建邦,"$1,054,669,890","105,466,989",24.8413617,121.0180745
6722,輝創,31,新北市中和區中正路959號5樓,李名正,"$884,000,000","88,400,000",25.0071126,121.4830391
6742,澤米,26,苗栗縣竹南鎮和興路330號,何昆年,"$712,679,480","71,267,948",24.7096974,120.881843
6743,安普新,31,台北市南港區三重路19-3號3樓,許明仁,"$1,500,000,000","150,000,000",25.0584773,121.6137955
6753,龍德造船,15,宜蘭縣冬山鄉大興村德興五路15號,黃守真,"$1,172,395,030","117,239,503",24.6295024,121.8215644
6754,匯僑設計,38,台北市松山區南京東路四段75號12樓,羅月華,"$660,000,000","66,000,000",25.0519001,121.5534496
6756,威鋒電子,24,新北市新店區中正路529-1號7樓,林志峰,"$698,810,000","69,881,000",24.9854476,121.5328561
6757,台灣虎航,15,台北市松山區敦化北路405巷123弄3號,許致遠,"$4,595,300,000","459,530,000",25.0628001,121.5569096
6768,志強-KY,37,台中市西屯區市政北五路266號3樓,麥班達,"$2,000,950,610","200,095,061",24.1625164,120.6421342
6770,力積電,24,新竹科學園區新竹市力行一路18號,譚仲民,"$42,253,619,000","4,225,361,900",24.7681886,121.0170081
6771,平和環保-創,35,高雄市岡山區本工路6號,陳義生,"$311,795,000","31,179,500",22.8075395,120.2689141
6776,展碁國際,29,台北市南港區南港路三段9號10-12樓,鄭明琪,"$915,814,300","91,581,430",25.0539067,121.5919183
6781,AES-KY,28,新竹縣湖口鄉湖口村八德路二段656號5樓,宋維哲,"$854,187,800","85,418,780",24.885071,121.0793043
6782,視陽,22,桃園市龜山區興業街1號,吳滄松,"$630,000,000","63,000,000",24.9875587,121.3268852
6789,采鈺,24,新竹科學園區新竹市篤行一路12號,邱建俊,"$3,182,991,190","318,299,119",24.7735196,121.0232457
6790,永豐實,9,臺北市中正區重慶南路2段51號16樓,陳佩雯,"$2,671,290,210","267,129,021",25.031305,121.5150091
6792,詠業,27,新竹縣關西鎮大同里水坑41號,李瑞榮,"$478,753,250","47,875,325",24.8251,121.172777
6794,向榮生技,22,臺北市內湖區民權東路6段13之20號5樓,洪懿珮,"$636,370,000","63,637,000",25.0675482,121.5802246
6796,晉弘,22,新竹科學園區新竹市東區工業東四路24-2號3樓,鄭竹明,"$402,339,700","40,233,970",24.77453,121.0077584
6799,來頡,24,臺北市內湖區瑞光路358巷38弄36號9樓,葉瑞斌,"$430,965,530","43,096,553",25.0759178,121.5729158
6805,富世達,28,新北市新莊區五權二路24號8樓之4,邱稚育,"$685,538,960","68,553,896",25.0676939,121.4585529
6806,森崴能源,35,新北市土城區中央路四段49號,李心美,"$2,746,429,020","274,642,902",24.9613514,121.4221357
6807,峰源-KY,38,"The Grand Pavilion Commercial Centre, Oleander Way, 802 West",朱明偉,"$540,000,000","54,000,000",,
6830,汎銓,31,新竹市埔頂路27號1樓,宋建宏,"$517,818,460","51,781,846",24.7943875,121.0083482
6831,邁科,25,新北市中和區中正路788號11樓,林仕文,"$675,000,000","67,500,000",25.0008205,121.4853675
6834,天二科技,28,高雄市前鎮區南四路3號,黃弘傑,"$884,710,820","88,471,082",22.5938592,120.2946938
6835,圓裕,28,新北市新店區民權路130巷4號4樓,郭明豐,"$661,722,970","66,172,297",24.9834537,121.535021
6838,台新藥,22,台北市復興北路57號8樓之6,魏景成,"$1,509,771,000","150,977,100",25.050593,121.5442261
6854,錼創科技-KY創,24,苗栗縣竹南鎮科中路13號8樓,陳銘章,"$1,176,786,220","117,678,622",24.7113363,120.9131721
6861,睿生光電,22,南部科學園區臺南市新市區環西路二段2號B室,楊柱祥,"$415,992,500","41,599,250",23.1031767,120.2764289
6862,三集瑞-KY,28,新北市中和區連城路268號14樓之9,王中儒,"$500,000,000","50,000,000",24.9966071,121.4866877
6863,永道-KY,27,"P.O. Box 32052, Grand Cayman KY1-1208, Cayman Islands.",張淑芬,"$748,880,000","74,888,000",19.3221698,-81.2408689
6869,雲豹能源,35,台北市內湖區基湖路1號4樓之1,張建偉,"$1,378,300,410","137,830,041",25.0816677,121.5654958
6873,泓德能源,35,臺北市士林區德行西路35號5樓,周仕昌,"$1,418,723,700","141,872,370",25.1061293,121.5238415
6885,全福生技,22,台北市內湖區瑞光路358巷30弄1號8樓,郭美慧,"$1,332,140,000","133,214,000",25.0767128,121.5724805
6887,寶綠特-KY,35,台南市柳營區工六路2號,林昱君,"$741,395,120","74,139,512",23.2733588,120.3597192
6890,來億-KY,37,臺中市大雅區雅潭路四段370巷13號,許松竹,"$2,494,000,000","249,400,000",24.2209006,120.6602647
6901,鑽石投資,20,台北市中正區忠孝西路一段66號35樓,吳友梅,"$8,527,500,000","852,750,000",25.0461278,121.515325
6902,GOGOLOOK,36,臺北市大安區敦化南路2段319號6樓,郭建甫,"$353,589,480","35,358,948",25.0229088,121.5492968
6906,現觀科,36,台北市中山區中山北路二段42號2樓,張宇寬,"$335,374,000","33,537,400",25.054823,121.522377
6909,創控,24,新北市中和區中正路866-8號17樓,呂秀孺,"$672,222,000","67,222,200",25.0058733,121.4845082
6914,阜爾運通,20,新北市土城區三民路2號7樓之8,潘壕新,"$662,260,000","66,226,000",24.9622489,121.4216286
6916,華凌,26,台中市大雅區秀山里科雅路43號2樓,黃信福,"$675,000,000","67,500,000",24.2253227,120.6273779
6918,愛派司,22,新北市中和區橋和路21號3樓,羅翔煒,"$345,710,000","34,571,000",25.0054113,121.4889643
6919,康霈*,22,新北市汐止區新台五路一段99號32樓之9,張慧敏,"$776,938,930","1,553,877,860",25.0621773,121.6490496
6921,嘉雨思-創,24,新北市中和區連城路268號5樓之2,高妙斌,"$318,369,410","31,836,941",24.9966071,121.4866877
6923,中台,35,桃園市觀音區大潭里環科路328號,張&#21843;達,"$914,880,000","91,488,000",25.0376901,121.0626169
6924,榮惠-KY創,28,台北市內湖區瑞光路102號3樓,吳建芳,"$208,500,000","20,850,000",25.0715365,121.5811231
6928,攸泰科技,25,台北市內湖區陽光街 300 號 4 樓,黃堅真,"$860,000,000","86,000,000",25.0726614,121.5746879
6931,青松健康,22,台中市大里區中投西路三段217號,周孟賢,"$661,521,600","66,152,160",24.0879723,120.6637601
6933,AMAX-KY,25,"Suite102,Cannon Place,North Sound Rd.,George Town,Cayman",倪小菁,"$423,688,000","42,368,800",19.2997554,-81.3689751
6934,心誠鎂,22,台北市大安區敦化南路二段319號10樓,杜維誠,"$359,727,620","35,972,762",25.0229105,121.5492404
6936,永鴻生技,22,新竹縣新豐鄉中崙村中崙290-3號,鍾威凱,"$728,040,000","72,804,000",24.8866187,121.0096648
6937,天虹,24,新竹縣竹北市嘉政一街1號6樓,黃見駱,"$675,762,630","67,576,263",24.809147,121.027291
6944,兆聯實業,35,桃園市桃園區桃鶯路439-3號,金保華,"$766,879,120","76,687,912",24.9787752,121.3220138
6949,沛爾生醫-創,22,臺北市內湖區新湖二路87號4樓,宋明潭,"$647,975,500","64,797,550",25.0605596,121.5757651
6951,青新-創,35,雲林縣莿桐鄉延平路58-1號,張驥,"$460,000,000","46,000,000",23.7529593,120.4970965
6952,大武山,20,屏東縣新埤鄉萬隆村平山路68-30號,魏毓恆,"$683,450,000","68,345,000",22.5167283,120.6051596
6955,邦睿生技-創,22,台中市大里區工業九路118號4樓,楊佩&#30494;,"$248,007,850","24,800,785",24.0988511,120.7169482
6957,裕慶-KY,20,南投縣南投市永豐里成功三路 122 號,林義唐,"$555,129,500","55,512,950",23.9319543,120.669378
6958,日盛台駿,20,台北市中山區松江路68號7樓,汪光遠,"$4,432,893,600","403,289,360",25.0492968,121.5326732
6962,奕力-KY,24,新竹縣竹北市台元二街1號10樓之1,林冠宇,"$4,923,965,650","492,396,565",24.8402418,121.020112
6965,中傑-KY,37,台中市大雅區中清路四段628號,陳榮松,"$1,563,360,000","156,336,000",24.2358512,120.6358138
6969,成信實業*-創,35,台南市柳營區環園東路一段23號,謝雅敏,"$549,197,200","38,142,903",23.2737182,120.3603749
6988,威力暘-創,12,新竹縣竹北市台元二街12號11樓之8,劉一郎,"$476,000,000","47,600,000",24.8394501,121.0179139
6994,富威電力,35,新北市土城區中央路四段49號,郝遐鵬,"$738,285,710","73,828,571",24.9613514,121.4221357
7610,聯友金屬-創,35,屏東縣枋寮鄉太源村中山路三段103號,吳永中,"$485,854,560","48,585,456",22.4181715,120.5836579
7631,聚賢研發-創,31,新竹市東區林森路231號9樓,鄭惠芸,"$201,420,000","20,142,000",24.7980849,120.9632748
7705,三商餐飲,16,台北市中山區建國北路二段145號5樓,趙惠玲,"$660,673,040","66,067,304",25.0612239,121.5373749
7711,永擎,25,台北市北投區中央南路二段37號4樓,洪培雅,"$717,546,950","71,754,695",25.123969,121.5004044
7721,微程式,36,台中市西屯區市政路402號6樓之2,劉育成,"$553,700,000","55,370,000",24.1591048,120.6395963
7722,LINEPAY,36,臺北市南港區經貿二路121號18樓,張希雯,"$680,000,000","68,000,000",25.0593935,121.618355
7730,暉盛-創,24,臺南市安南區科技五路100號,邱冠陸,"$367,967,310","36,796,731",23.0384029,120.1353727
7732,金興精密,12,桃園市平鎮區工業一路3號,施孟謹,"$646,800,000","64,680,000",24.9014711,121.2042669
7736,虎山,12,新北市瑞芳區頂坪路瑞芳工業區3號,蘇家慧,"$760,000,000","76,000,000",25.0990618,121.7888965
7740,熙特爾-創,35,臺北市松山區南京東路5段89號12樓,張雅怡,"$532,000,000","53,200,000",25.0518277,121.5574266
7749,意騰-KY,24,新竹縣竹北市復興三路二段168號11樓之3,許維新,"$464,857,280","46,485,728",24.8076245,121.0383102
7750,新代,5,新竹科學園區新竹市研發二路25號,林東旭,"$718,430,000","71,843,000",24.7802759,120.9995787
7765,中華資安,36,台北市中正區杭州南路一段26號8樓,洪進福,"$406,770,000","40,677,000",25.0373479,121.5244582
7769,鴻勁,24,臺中市大雅區中清路三段758巷11號,翁德奎,"$1,799,300,000","179,930,000",24.2137373,120.6509701
7780,大研生醫*,2,臺北市大安區羅斯福路三段37號12樓,林東慶,"$810,024,170","810,024,170",25.0235425,121.5253535
7786,東方風能,35,臺中市西屯區市政路386號19樓之1,陳柏霖,"$1,753,614,440","175,361,444",24.1583933,120.6411671
7788,松川精密,28,新北市樹林區中華路377號,吳頌仁,"$797,459,930","79,745,993",24.9799866,121.4127148
7791,皇家可口,2,台北市大同區重慶北路3段338號4樓,周明芬,"$800,000,000","80,000,000",25.0760422,121.5136542
7795,長廣,28,高雄市大寮區裕民街30號,吳志軒,"$788,285,000","78,828,500",22.5900579,120.4356377
7799,禾榮科,22,新竹科學園區新竹縣竹北市生醫五路66之2號,王文振,"$1,575,120,000","157,512,000",24.8061959,121.0464925
7823,奧義賽博-KY創,36,新北市板橋區遠東路1號6樓,吳明蔚,"$334,908,900","33,490,890",24.9988183,121.4565118
8011,台通,27,新北市新莊區福慧路219號9樓,鄭鈺穎,"$1,659,218,910","165,921,891",25.0615403,121.4534862
8016,矽創,24,新竹縣竹北市台元一街5號11樓之1,黃英記,"$1,201,368,760","120,136,876",24.8413617,121.0180745
8021,尖點,31,新北市樹林區佳園路三段203號,張家齊,"$1,420,424,670","142,042,467",24.9471591,121.3852641
8028,昇陽半導體,24,新竹科學園區新竹市力行路6號,黃豐年,"$1,740,736,770","174,073,677",24.774713,121.0248896
8033,雷虎,20,台中巿工業區六路七號,卓宜儒,"$1,526,297,750","152,629,775",24.1691359,120.6067001
8039,台虹,28,高雄市前鎮區環區三路一號,潘祈愿,"$2,627,429,940","262,742,994",22.6045805,120.2873876
8045,達運光電,27,新北市新北產業園區五工六路41號,戴國源,"$950,248,150","95,024,815",25.0645369,121.4468462
8046,南電,28,桃園市蘆竹區南崁路一段338號,呂連瑞,"$6,461,654,870","646,165,487",25.0554249,121.2826577
8070,長華*,29,高雄市楠梓區東七街16號6樓,陳明軒,"$725,648,455","725,648,455",22.7247625,120.306628
8072,陞泰,29,台北市南港區三重路19-11號E棟10樓,陳純平,"$800,000,000","80,000,000",25.0586537,121.6132701
8081,致新,24,新竹市科學園區工業東三路2號,吳錦川,"$861,720,720","86,172,072",24.7773973,121.0073893
8101,華冠,27,台北市內湖區瑞光路258巷2號7樓,何文魁,"$464,662,160","46,466,216",25.0750502,121.5754748
8103,瀚荃,28,新北市淡水區中正東路一段3巷9號9樓,王霈蓮,"$784,366,710","78,436,671",25.165543,121.4517074
8104,錸寶,26,新竹縣湖口鄉新竹工業區光復北路12號,王鼎章,"$1,040,581,920","104,058,192",24.8756694,121.0364892
8105,凌巨,26,苗栗縣頭份市蘆竹里4鄰工業路15號,陳力文,"$4,415,448,510","441,544,851",24.6730008,120.8877003
8110,華東,24,高雄市前鎮區北一路18號,黃靖窈,"$5,177,398,760","517,739,876",22.6060096,120.2879195
8112,至上,29,台北市內湖區港墘路189號7樓,張家瑋,"$5,552,916,980","525,291,698",25.075678,121.574767
8114,振樺電,25,新北市土城區大同街23號,郭育聞,"$1,075,719,190","76,418,772",24.9596624,121.4163592
8131,福懋科,24,雲林縣斗六市榴中里河南街329號,張憲正,"$4,422,222,230","442,222,223",23.7136931,120.5750021
8150,南茂,24,新竹科學園區新竹縣研發一路一號,黃國樑,"$7,045,231,260","704,523,126",24.7752641,121.0021044
8162,微矽電子-創,24,新竹縣竹東鎮沿河街395號,王志成,"$687,020,000","68,702,000",24.7350574,121.0987122
8163,達方,25,桃園市龜山區山鶯路167-1號,林豐正,"$2,800,000,010","280,000,001",24.9859628,121.3278802
8201,無敵,31,台北市北投區北投路二段13號4樓之1,李圍正,"$623,662,750","62,366,275",25.1309835,121.4986176
8210,勤誠,25,新北市新莊區中原路558號18樓,陳亞男,"$1,253,191,460","125,319,146",25.0546659,121.4451352
8213,志超,28,桃園市平鎮區工業二路１２號,胡秀杏,"$2,712,424,880","271,242,488",24.9046494,121.202053
8215,明基材,26,桃園市龜山區建國東路29號,王勝興,"$3,206,745,140","320,674,514",24.9868542,121.322932
8222,寶一,5,台南市新營區新工路13巷1號,胡淑賢,"$685,735,000","68,573,500",23.3063302,120.2831389
8249,菱光,28,台北市內湖區南京東路六段501號9樓,魏耀明,"$1,378,245,000","137,824,500",25.0617968,121.5886617
8261,富鼎,24,新竹縣竹北市台元一街5號12樓之1及12樓之2,張嘉帥,"$1,188,783,930","118,878,393",24.8413617,121.0180745
8271,宇瞻,24,新北市土城區大安里忠承路32號1樓,賴孜玟,"$1,281,292,660","128,129,266",24.9662616,121.4389947
8341,日友,35,雲林縣元長鄉元東路1之20號,謝明宏,"$1,300,000,000","130,000,000",23.6518551,120.3213737
8367,建新國際,15,台中市梧棲區臺灣大道十段一號,柯勝鐘,"$921,720,310","92,172,031",24.2555835,120.5211399
8374,羅昇,5,新北市新莊區中原路558號12樓,陳國美,"$1,122,504,870","112,250,487",25.054681,121.4451699
8404,百和興業-KY,20,"P.O.BOX 32052,Grand Cayman KYI-1208,Cayman Islands.",張玉敏,"$4,199,338,840","419,933,884",19.3221698,-81.2408689
8411,福貞-KY,20,"The Grand Pavilion Commercial Centre, Oleander Way, 802 West",李毓嵐,"$2,184,043,190","218,404,319",,
8422,可寧衛*,35,高雄市岡山區中山南路308號1樓,陳聰田,"$1,136,796,050","1,136,796,050",22.7869374,120.2999914
8429,金麗-KY,18,高雄市三民區博愛一路189號11樓(台灣辦事處),庄春龍,"$1,857,471,510","185,747,151",22.6465024,120.3028709
8438,昶昕,35,33759 桃園市大園區大工路19號,陳彥亨,"$699,430,000","69,943,000",25.0696046,121.1784995
8442,威宏-KY,20,"P. O. Box 31119 Grand Pavilion, Hibiscus Way, 802 West Bay R",許新居,"$701,697,640","70,169,764",19.3292856,-81.3808321
8443,阿瘦,18,(104)台北市中山區松江路168號6樓,羅麗玲,"$668,000,000","66,800,000",25.0559181,121.5328417
8454,富邦媒,36,台北市內湖區洲子街96號4樓,谷元宏,"$2,649,752,750","264,975,275",25.0799426,121.571083
8462,柏文,37,高雄市左營區博愛四路238號8樓,繆尚志,"$792,920,630","79,292,063",22.6848939,120.3147397
8463,潤泰材,20,台北市八德路2段308號10F,林依潔,"$1,500,000,000","150,000,000",25.047094,121.5426978
8464,億豐,38,臺中市西屯區市政北七路98號26樓之1,祝宗偉,"$2,930,202,000","293,020,200",24.1642794,120.6432514
8466,美吉吉-KY,20,"The Grand Pavilion Commercial Centre, Oleander Way, 802 West",黃建&#21414;,"$798,256,280","79,825,628",,
8467,波力-KY,37,"PO Box 309, Ugland House, Grand Cayman, KY1-1104, Cayman Isl",戴珮君,"$503,735,750","50,373,575",19.2924396,-81.3857791
8473,山林水,35,台北市吉林路99號3樓,楊欣紋,"$1,808,524,180","180,852,418",25.0559689,121.5305014
8476,台境*,35,高雄市苓雅區中正二路175號30樓之1,龔信愷,"$831,131,790","166,226,358",22.630237,120.3137297
8478,東哥遊艇,37,高雄市前鎮區金福路1號,曾雄威,"$939,722,760","93,972,276",22.5710467,120.3283723
8481,政伸,20,台中市西屯區工業區十二路六號,洪國智,"$666,018,660","66,601,866",24.1754408,120.5978235
8482,商億-KY,38,"P.O.Box 31119 Grand pavilion,Hibiscus Way,802 West Bay Road,",林芳毅,"$1,074,440,000","107,444,000",19.3292856,-81.3808321
8487,愛爾達-創,36,台北市中正區中華路一段41號4樓,江瑋玲,"$265,350,000","26,535,000",25.044987,121.5095037
8488,吉源-KY,20,"P. O. Box 31119 Grand Pavilion, Hibiscus Way, 802 West Bay R",林子閔,"$735,000,000","73,500,000",19.3292856,-81.3808321
8499,鼎炫-KY,31,新北市五股區五權七路20號1樓,傅秀月,"$411,655,570","41,165,557",25.0666233,121.4484465
8926,台汽電,23,北市內湖區瑞光路392號6樓,陳意通,"$7,302,820,000","730,282,000",25.0778958,121.5711203
8940,新天地,16,台中市東區旱溪東路1段456號,陳銘琿,"$674,910,320","67,491,032",24.145436,120.7010986
8996,高力,5,桃園市中壢區吉林北路5-2號,吳俊英,"$922,482,770","92,248,277",24.9877868,121.2494982
9103,美德醫療-DR,91,台北市信義區松高路9號11樓,林逸清,"$827,042,000","549,411,240",25.0397823,121.5654532
910322,康師傅-DR,91,中國上海閔行區吳中路1688號A棟,林清棠,"$916,513,457","5,620,600,000",31.17563,121.38081
9105,泰金寶-DR,91,新北市深坑區北深路三段147號,周怡君,"$9,383,139,832","10,450,002,831",25.0028039,121.6029418
910861,神州-DR,91,香港灣仔告士打道77-79 號富通大廈31樓,董帥,"$644,726,418","1,672,768,386",22.2788075,114.1726855
9110,越南控-DR,91,越南同奈省邊和市三協坊第五區,吳睿蕎,"$38,168,000","907,680,000",10.9466267,106.8561884
911608,明輝-DR,91,"8 Penjuru Lane,Singapore 609189",林翔寬,"$526,896,000","480,000,000",1.3084018,103.7384572
911622,泰聚亨-DR,91,"99 Moo1, Tumbon Nikompattana, Amphur Nikompattana, Rayong TH",黃炳綸,"$3,714,761,903","596,748,900",12.7280066,101.0863385
911868,同方友友-DR,91,香港干諾道西118號34樓3405 室,謝漢良,"$356,242,582","2,109,163,417",22.28827,114.144604
912000,晨訊科-DR,91,香港觀塘鴻圖道31號鴻貿中心12樓1206室,朱文輝,"$1,063,575,000","2,362,546,300",22.312762,114.2205208
9136,巨騰-DR,91,香港康樂廣場1號怡和大廈33樓3311-3312室,黃正斌,"$440,764,000","1,200,008,445",22.2830289,114.1589161
9802,鈺齊-KY,37,臺灣雲林縣斗六市雲科路三段76號(訴訟及非訴訟代理人聯絡處),廖志誠,"$2,009,916,730","200,991,673",23.7271477,120.5198134
9902,台火,20,台北市中正區延平南路七十五號二、三樓,陳文正,"$980,496,000","98,049,600",25.0395198,121.5088511
9904,寶成,37,台中市西屯區台灣大道四段600號,游淑惠,"$29,467,872,130","2,946,787,213",24.1792981,120.6238015
9905,大華,20,台北市松江路293之805號,姜佳君,"$3,050,000,000","305,000,000",25.0608082,121.533454
9906,欣巴巴,14,高雄市前鎮區民權二路6號27樓,李鎮宇,"$903,763,580","90,376,358",22.60496,120.309434
9907,統一實,20,台南市永康區蔦松里中正北路837號,張祐信,"$15,791,453,420","1,579,145,342",23.0503906,120.2670714
9908,大台北,23,"台北市光復北路11巷35號1,2,4,5,13樓",陳信良,"$5,163,580,000","516,358,000",25.0501478,121.5599077
9910,豐泰,37,雲林縣斗六市科工八路52號,許芳瑋,"$9,874,828,310","987,482,831",23.7209281,120.5094815
9911,櫻花,38,台中市大雅區雅潭路4段436號,賴宏奇,"$2,223,895,840","222,389,584",24.220379,120.6585713
9912,偉聯,25,台北市南港區園區街3之1號五樓之1,趙欣媛,"$541,705,690","54,170,569",25.0566092,121.6118472
9914,美利達,37,彰化縣大村鄉美港村美港路116號,張振墉,"$2,989,838,000","298,983,800",23.9815487,120.5725505
9917,中保科,20,台北市南港區經貿二路135號13樓,張惠清,"$4,511,970,930","451,197,093",25.0597251,121.6174985
9918,欣天然,23,新北市中和區新民街29號8樓,簡益信,"$1,805,374,530","180,537,453",25.0064238,121.4822033
9919,康那香,20,台南市佳里區民安里同安寮77-1號,吳政蓉,"$1,953,627,500","195,362,750",23.1667991,120.1931779
9921,巨大,37,台中市西屯區東大路一段997&999號,李書耕,"$3,920,653,950","392,065,395",24.1960124,120.6078269
9924,福興,38,高雄市岡山區本洲里育才路88號,李國偉,"$1,507,617,360","150,761,736",22.8057131,120.2778409
9925,新保,20,台北市內湖區行愛路128號,黃春明,"$3,874,896,050","387,489,605",25.063869,121.5800298
9926,新海,23,新北市三重區力行路一段52號(通訊地址),楊朝凱,"$1,795,040,750","179,504,075",25.068392,121.4855643
9927,泰銘,20,高雄市大寮區莒光三街六號,童新沅,"$1,200,000,000","120,000,000",22.5769733,120.4275764
9928,中視,20,台北市南港區重陽路118號,盧秀芳,"$607,245,830","60,724,583",25.0562177,121.5987498
9929,秋雨,20,台北市信義區市民大道六段288號9樓,王佩玲,"$1,012,800,000","101,280,000",25.0493169,121.5790448
9930,中聯資源,35,80661高雄市前鎮區成功二路88號22樓,曹慧柔,"$2,485,403,680","248,540,368",22.6048754,120.3017271
9931,欣高,23,高雄市苓雅區民權一路12號,黃進雄,"$1,203,693,030","120,369,303",22.6183172,120.314994
9933,中鼎,20,台北市中山北路六段89號,李銘賢,"$8,981,931,240","898,193,124",25.1057035,121.5243044
9934,成霖,38,台中市潭子區建國路22號,陳映帆,"$4,110,169,620","411,016,962",24.2190336,120.7000022
9935,慶豐富,38,彰化縣福興鄉沿海路四段三七三號,許竣然,"$1,778,389,260","177,838,926",24.0380418,120.4220377
9937,全國,23,台北市羅斯福路六段140號4樓,蔡佳璋,"$3,090,430,000","309,043,000",24.9963586,121.5406892
9938,百和,20,彰化縣和美鎮好修里和港路575號,葉桂珠,"$2,979,639,020","297,963,902",24.1323802,120.4893071
9939,宏全,20,台中市西屯區工業區2路6號,盧麒伊,"$2,957,864,750","295,786,475",24.1678966,120.6112815
9940,信義,20,台北市信義區信義路五段一００號,陳志桓,"$7,368,465,000","736,846,500",25.0329201,121.5671214
9941,裕融,20,台北市敦化南路二段二號十五樓,廖淑華,"$6,756,363,460","575,636,346",25.024169,121.5483413
9942,茂順,20,南投市工業路336號,薛汝青,"$831,613,200","83,161,320",23.9287846,120.6602781
9943,好樂迪,16,台北市信義區忠孝東路5段293號4樓,李天行,"$1,251,715,100","125,171,510",25.0406521,121.5652968
9944,新麗,20,桃園市八德區聯華街41號,簡裘裘,"$1,059,081,000","105,908,100",24.940403,121.2784722
9945,潤泰新,20,台北市八德路二段三０八號十一樓之一,陳柏宇,"$28,442,250,860","2,844,225,086",25.0468868,121.5411462
9946,三發地產,14,台北市松山區八德路3段30號12樓,蔡文玲,"$3,265,541,500","326,554,150",25.0480765,121.5515014
9955,佳龍,35,桃園市觀音區大潭里一鄰環科路323號,陸怡豪,"$1,044,358,290","104,435,829",25.0379795,121.0620433
9958,世紀鋼,10,桃園市觀音區中山路一段1119號,瞿生元,"$2,468,966,650","246,896,665",25.0277539,121.1091471
